seq,binary_sequence,fitness,fitness_mean,fitness_stdev
MQTRRVVLKSAAAAGTLLGGLAGCASVAGSIGTGDRINTVRGPITISEAGFTLTHEHICGSSAGFLRAWPEFFGSRKALAEKAVRGLRRARAAGVRTIVDVSTFDLGRDVSLLAEVSRAADVHIVAATGAWLDPPLSMRLRSVEELTQFFLREIQYGIEDTGIRAGIIKVAATAKVTPFQELVLRAAARASLATGVPVTTHTAASQRGGEQQAAIFESEGLSPSRVCIGHSDATDDLSYLTALAARGYLIGLDAIPHAAIGLEDNASASAAAGIRSWQTRALLIKALIDQGYMKQILVSNDWLFGASAYVTNAMDVMDSVNPDGMAFIPLRVIPFLREKGIPQETLAGITVTNPARFLSPTLRAS,0,0.628034448,0.069309562,0.516668436
MQTRRVVLKSAAAAGTLLGGLAGCASVAGSIGTGDRINTVRGPITISEAGFTLTHEHICGSSAGFLRAWPEFFGSRKALAEKAVRGLRRARAAGVRTIVDVSTFDLGRDVSLLAEVSRAADVHIVAATGAWLDPPLSMRLRSVEELTQFFLREIQYGIEDTGIRAGIIKVAATAKVTPFQELVLRAAARASLATGVPVTTHTAASQRGGEQQAAIFESEGLSPSRVCIGHSDATDDLSYLTALAARGYLIGLDAIPHAAIGLEDNASASAAAGIRSWQTRALLIKALIDQGYMKQILVSNDWLFGCSAYVTNAMDVMDSVNPDGMAFIPLRVIPFLREKGIPQETLAGITVTNPARFLSPTLRAS,1000,0.584229428,-0.557439326,0.365939975
MQTRRVVLKSAAAAGTLLGGLAGCASVAGSIGTGDRINTVRGPITISEAGFTLTHEHICGSSAGFLRAWPEFFGSRKALAEKAVRGLRRARAAGVRTIVDVSTFDLGRDVSLLAEVSRAADVHIVAATGAWLDPPLSMRLRSVEELTQFFLREIQYGIEDTGIRAGIIKVAATAKVTPFQELVLRAAARASLATGVPVTTHTAASQRGGEQQAAIFESEGLSPSRVCIGHSDATDDLSYLTALAARGYLIGLDAIPHAAIGLEDNASASAAAGIRSWQTRALLIKALIDQGYMKQILVSNDWLFGASAYVTNCMDVMDSVNPDGMAFIPLRVIPFLREKGIPQETLAGITVTNPARFLSPTLRAS,100,0.531330908,-1.314295256,0.183921736
MQTRRVVLKSAAAAGTLLGGLAGCASVAGSIGTGDRINTVRGPITISEAGFTLTHEHICGSSAGFLRAWPEFFGSRKALAEKAVRGLRRARAAGVRTIVDVSTFDLGRDVSLLAEVSRAADVHIVAATGAWLDPPLSMRLRSVEELTQFFLREIQYGIEDTGIRAGIIKVAATAKVTPFQELVLRAAARASLATGVPVTTHTAASQRGGEQQAAIFESEGLSPSRVCIGHSDATDDLSYLTALAARGYLIGLDAIPHAAIGLEDNASASAAAGIRSWQTRALLIKALIDQGYMKQILVSNDWLFGCSAYVTNCMDVMDSVNPDGMAFIPLRVIPFLREKGIPQETLAGITVTNPARFLSPTLRAS,10,0.487525888,-1.941044144,0.033193275
MQTRRVVLKSAAAAGTLLGGLAGCASVAGSIGTGDRINTVRGPITISEAGFTLTHEHICGSSAGFLRAWPEFFGSRKALAEKAVRGLRRARAAGVRTIVDVSTFDLGRDVSLLAEVSRAADVHIVAATGAWLDPPLSMRLRSVEELTQFFLREIQYGIEDTGIRAGIIKVAATAKVTPFQELVLRAAARASLATGVPVTTHTAASQRGGEQQAAIFESEGLSPSRVCIGHSDATDDLSYLTALAARGYLIGLDAIPHAAIGLEDNASASACAGIRSWQTRALLIKALIDQGYMKQILVSNDWLFGASAYVTNAMDVMDSVNPDGMAFIPLRVIPFLREKGIPQETLAGITVTNPARFLSPTLRAS,1,0.70373208,1.152368233,0.777136016
MQTRRVVLKSAAAAGTLLGGLAGCASVAGSIGTGDRINTVRGPITISEAGFTLTHEHICGSSAGFLRAWPEFFGSRKALAEKAVRGLRRARAAGVRTIVDVSTFDLGRDVSLLAEVSRAADVHIVAATGAWLDPPLSMRLRSVEELTQFFLREIQYGIEDTGIRAGIIKVAATAKVTPFQELVLRAAARASLATGVPVTTHTAASQRGGEQQAAIFESEGLSPSRVCIGHSDATDDLSYLTALAARGYLIGLDAIPHAAIGLEDNASASACAGIRSWQTRALLIKALIDQGYMKQILVSNDWLFGCSAYVTNAMDVMDSVNPDGMAFIPLRVIPFLREKGIPQETLAGITVTNPARFLSPTLRAS,1100,0.65992706,0.525619345,0.626407555
MQTRRVVLKSAAAAGTLLGGLAGCASVAGSIGTGDRINTVRGPITISEAGFTLTHEHICGSSAGFLRAWPEFFGSRKALAEKAVRGLRRARAAGVRTIVDVSTFDLGRDVSLLAEVSRAADVHIVAATGAWLDPPLSMRLRSVEELTQFFLREIQYGIEDTGIRAGIIKVAATAKVTPFQELVLRAAARASLATGVPVTTHTAASQRGGEQQAAIFESEGLSPSRVCIGHSDATDDLSYLTALAARGYLIGLDAIPHAAIGLEDNASASACAGIRSWQTRALLIKALIDQGYMKQILVSNDWLFGASAYVTNCMDVMDSVNPDGMAFIPLRVIPFLREKGIPQETLAGITVTNPARFLSPTLRAS,1010,0.60702854,-0.231236585,0.444389316
MQTRRVVLKSAAAAGTLLGGLAGCASVAGSIGTGDRINTVRGPITISEAGFTLTHEHICGSSAGFLRAWPEFFGSRKALAEKAVRGLRRARAAGVRTIVDVSTFDLGRDVSLLAEVSRAADVHIVAATGAWLDPPLSMRLRSVEELTQFFLREIQYGIEDTGIRAGIIKVAATAKVTPFQELVLRAAARASLATGVPVTTHTAASQRGGEQQAAIFESEGLSPSRVCIGHSDATDDLSYLTALAARGYLIGLDAIPHAAIGLEDNASASACAGIRSWQTRALLIKALIDQGYMKQILVSNDWLFGCSAYVTNCMDVMDSVNPDGMAFIPLRVIPFLREKGIPQETLAGITVTNPARFLSPTLRAS,1001,0.56322352,-0.857985473,0.293660855
MQTRRVVLKSAAAAGTLLGGLAGCASVAGSIGTGDRINTVRGPITISEAGFTLTHEHICGSSAGFLRAWPEFFGSRKALAEKAVRGLRRARAAGVRTIVDVSTFDLGRDVSLLAEVSRAADVHIVAATGAWLDPPLSMRLRSVEELTQFFLREIQYGIEDTGIRAGIIKVAATAKVTPFQELVLRAAARASLATGVPVTTHTAASQRGGEQQAAIFESEGLSPSRVCIGHSDATDDLSYLTALAARGYLIGLDAIPHAAIGLEDNASASAACGIRSWQTRALLIKALIDQGYMKQILVSNDWLFGASAYVTNAMDVMDSVNPDGMAFIPLRVIPFLREKGIPQETLAGITVTNPARFLSPTLRAS,110,0.665074334,0.599264971,0.644118782
MQTRRVVLKSAAAAGTLLGGLAGCASVAGSIGTGDRINTVRGPITISEAGFTLTHEHICGSSAGFLRAWPEFFGSRKALAEKAVRGLRRARAAGVRTIVDVSTFDLGRDVSLLAEVSRAADVHIVAATGAWLDPPLSMRLRSVEELTQFFLREIQYGIEDTGIRAGIIKVAATAKVTPFQELVLRAAARASLATGVPVTTHTAASQRGGEQQAAIFESEGLSPSRVCIGHSDATDDLSYLTALAARGYLIGLDAIPHAAIGLEDNASASAACGIRSWQTRALLIKALIDQGYMKQILVSNDWLFGCSAYVTNAMDVMDSVNPDGMAFIPLRVIPFLREKGIPQETLAGITVTNPARFLSPTLRAS,101,0.621269314,-0.027483917,0.493390322
MQTRRVVLKSAAAAGTLLGGLAGCASVAGSIGTGDRINTVRGPITISEAGFTLTHEHICGSSAGFLRAWPEFFGSRKALAEKAVRGLRRARAAGVRTIVDVSTFDLGRDVSLLAEVSRAADVHIVAATGAWLDPPLSMRLRSVEELTQFFLREIQYGIEDTGIRAGIIKVAATAKVTPFQELVLRAAARASLATGVPVTTHTAASQRGGEQQAAIFESEGLSPSRVCIGHSDATDDLSYLTALAARGYLIGLDAIPHAAIGLEDNASASAACGIRSWQTRALLIKALIDQGYMKQILVSNDWLFGASAYVTNCMDVMDSVNPDGMAFIPLRVIPFLREKGIPQETLAGITVTNPARFLSPTLRAS,11,0.568370794,-0.784339847,0.311372082
MQTRRVVLKSAAAAGTLLGGLAGCASVAGSIGTGDRINTVRGPITISEAGFTLTHEHICGSSAGFLRAWPEFFGSRKALAEKAVRGLRRARAAGVRTIVDVSTFDLGRDVSLLAEVSRAADVHIVAATGAWLDPPLSMRLRSVEELTQFFLREIQYGIEDTGIRAGIIKVAATAKVTPFQELVLRAAARASLATGVPVTTHTAASQRGGEQQAAIFESEGLSPSRVCIGHSDATDDLSYLTALAARGYLIGLDAIPHAAIGLEDNASASAACGIRSWQTRALLIKALIDQGYMKQILVSNDWLFGCSAYVTNCMDVMDSVNPDGMAFIPLRVIPFLREKGIPQETLAGITVTNPARFLSPTLRAS,1110,0.524565774,-1.411088735,0.160643622
MQTRRVVLKSAAAAGTLLGGLAGCASVAGSIGTGDRINTVRGPITISEAGFTLTHEHICGSSAGFLRAWPEFFGSRKALAEKAVRGLRRARAAGVRTIVDVSTFDLGRDVSLLAEVSRAADVHIVAATGAWLDPPLSMRLRSVEELTQFFLREIQYGIEDTGIRAGIIKVAATAKVTPFQELVLRAAARASLATGVPVTTHTAASQRGGEQQAAIFESEGLSPSRVCIGHSDATDDLSYLTALAARGYLIGLDAIPHAAIGLEDNASASACCGIRSWQTRALLIKALIDQGYMKQILVSNDWLFGASAYVTNAMDVMDSVNPDGMAFIPLRVIPFLREKGIPQETLAGITVTNPARFLSPTLRAS,1101,0.740771965,1.682323642,0.904586362
MQTRRVVLKSAAAAGTLLGGLAGCASVAGSIGTGDRINTVRGPITISEAGFTLTHEHICGSSAGFLRAWPEFFGSRKALAEKAVRGLRRARAAGVRTIVDVSTFDLGRDVSLLAEVSRAADVHIVAATGAWLDPPLSMRLRSVEELTQFFLREIQYGIEDTGIRAGIIKVAATAKVTPFQELVLRAAARASLATGVPVTTHTAASQRGGEQQAAIFESEGLSPSRVCIGHSDATDDLSYLTALAARGYLIGLDAIPHAAIGLEDNASASACCGIRSWQTRALLIKALIDQGYMKQILVSNDWLFGCSAYVTNAMDVMDSVNPDGMAFIPLRVIPFLREKGIPQETLAGITVTNPARFLSPTLRAS,1011,0.696966946,1.055574754,0.753857902
MQTRRVVLKSAAAAGTLLGGLAGCASVAGSIGTGDRINTVRGPITISEAGFTLTHEHICGSSAGFLRAWPEFFGSRKALAEKAVRGLRRARAAGVRTIVDVSTFDLGRDVSLLAEVSRAADVHIVAATGAWLDPPLSMRLRSVEELTQFFLREIQYGIEDTGIRAGIIKVAATAKVTPFQELVLRAAARASLATGVPVTTHTAASQRGGEQQAAIFESEGLSPSRVCIGHSDATDDLSYLTALAARGYLIGLDAIPHAAIGLEDNASASACCGIRSWQTRALLIKALIDQGYMKQILVSNDWLFGASAYVTNCMDVMDSVNPDGMAFIPLRVIPFLREKGIPQETLAGITVTNPARFLSPTLRAS,111,0.644068425,0.298718824,0.571839662
MQTRRVVLKSAAAAGTLLGGLAGCASVAGSIGTGDRINTVRGPITISEAGFTLTHEHICGSSAGFLRAWPEFFGSRKALAEKAVRGLRRARAAGVRTIVDVSTFDLGRDVSLLAEVSRAADVHIVAATGAWLDPPLSMRLRSVEELTQFFLREIQYGIEDTGIRAGIIKVAATAKVTPFQELVLRAAARASLATGVPVTTHTAASQRGGEQQAAIFESEGLSPSRVCIGHSDATDDLSYLTALAARGYLIGLDAIPHAAIGLEDNASASACCGIRSWQTRALLIKALIDQGYMKQILVSNDWLFGCSAYVTNCMDVMDSVNPDGMAFIPLRVIPFLREKGIPQETLAGITVTNPARFLSPTLRAS,1111,0.600263405,-0.328030064,0.421111202
MQTRRVVLKSAAAAGTLLGGLAGCASVAGSIGTGDRINTVRGPITISEAGFTLTHEHICGSSAGFLRAWPEFFGSRKALAEKAVRGLRRARAAGVRTIVDVSTFDLGRDVSLLAEVSRAADVHIVAATGAWLDPPLSMRLRSVEELTQFFLREIQYGIEDTGIRAGIIKVAATAKVTPFQELVLRAAARASLATGVPVTTHTAASQRGGEQQAAIFESEGLSPSRVCIGHSDATDDLSYLTALAARGYLIGLDCIPHAAIGLEDNASASAAAGIRSWQTRALLIKALIDQGYMKQILVSNDWLFGASAYVTNAMDVMDSVNPDGMAFIPLRVIPFLREKGIPQETLAGITVTNPARFLSPTLRAS,10000,0.655763759,0.466052095,0.612082073
MQTRRVVLKSAAAAGTLLGGLAGCASVAGSIGTGDRINTVRGPITISEAGFTLTHEHICGSSAGFLRAWPEFFGSRKALAEKAVRGLRRARAAGVRTIVDVSTFDLGRDVSLLAEVSRAADVHIVAATGAWLDPPLSMRLRSVEELTQFFLREIQYGIEDTGIRAGIIKVAATAKVTPFQELVLRAAARASLATGVPVTTHTAASQRGGEQQAAIFESEGLSPSRVCIGHSDATDDLSYLTALAARGYLIGLDCIPHAAIGLEDNASASAAAGIRSWQTRALLIKALIDQGYMKQILVSNDWLFGCSAYVTNAMDVMDSVNPDGMAFIPLRVIPFLREKGIPQETLAGITVTNPARFLSPTLRAS,11000,0.611958739,-0.160696793,0.461353613
MQTRRVVLKSAAAAGTLLGGLAGCASVAGSIGTGDRINTVRGPITISEAGFTLTHEHICGSSAGFLRAWPEFFGSRKALAEKAVRGLRRARAAGVRTIVDVSTFDLGRDVSLLAEVSRAADVHIVAATGAWLDPPLSMRLRSVEELTQFFLREIQYGIEDTGIRAGIIKVAATAKVTPFQELVLRAAARASLATGVPVTTHTAASQRGGEQQAAIFESEGLSPSRVCIGHSDATDDLSYLTALAARGYLIGLDCIPHAAIGLEDNASASAAAGIRSWQTRALLIKALIDQGYMKQILVSNDWLFGASAYVTNCMDVMDSVNPDGMAFIPLRVIPFLREKGIPQETLAGITVTNPARFLSPTLRAS,10100,0.559060218,-0.917552723,0.279335373
MQTRRVVLKSAAAAGTLLGGLAGCASVAGSIGTGDRINTVRGPITISEAGFTLTHEHICGSSAGFLRAWPEFFGSRKALAEKAVRGLRRARAAGVRTIVDVSTFDLGRDVSLLAEVSRAADVHIVAATGAWLDPPLSMRLRSVEELTQFFLREIQYGIEDTGIRAGIIKVAATAKVTPFQELVLRAAARASLATGVPVTTHTAASQRGGEQQAAIFESEGLSPSRVCIGHSDATDDLSYLTALAARGYLIGLDCIPHAAIGLEDNASASAAAGIRSWQTRALLIKALIDQGYMKQILVSNDWLFGCSAYVTNCMDVMDSVNPDGMAFIPLRVIPFLREKGIPQETLAGITVTNPARFLSPTLRAS,10010,0.515255199,-1.544301611,0.128606913
MQTRRVVLKSAAAAGTLLGGLAGCASVAGSIGTGDRINTVRGPITISEAGFTLTHEHICGSSAGFLRAWPEFFGSRKALAEKAVRGLRRARAAGVRTIVDVSTFDLGRDVSLLAEVSRAADVHIVAATGAWLDPPLSMRLRSVEELTQFFLREIQYGIEDTGIRAGIIKVAATAKVTPFQELVLRAAARASLATGVPVTTHTAASQRGGEQQAAIFESEGLSPSRVCIGHSDATDDLSYLTALAARGYLIGLDCIPHAAIGLEDNASASACAGIRSWQTRALLIKALIDQGYMKQILVSNDWLFGASAYVTNAMDVMDSVNPDGMAFIPLRVIPFLREKGIPQETLAGITVTNPARFLSPTLRAS,10001,0.73146139,1.549110766,0.872549653
MQTRRVVLKSAAAAGTLLGGLAGCASVAGSIGTGDRINTVRGPITISEAGFTLTHEHICGSSAGFLRAWPEFFGSRKALAEKAVRGLRRARAAGVRTIVDVSTFDLGRDVSLLAEVSRAADVHIVAATGAWLDPPLSMRLRSVEELTQFFLREIQYGIEDTGIRAGIIKVAATAKVTPFQELVLRAAARASLATGVPVTTHTAASQRGGEQQAAIFESEGLSPSRVCIGHSDATDDLSYLTALAARGYLIGLDCIPHAAIGLEDNASASACAGIRSWQTRALLIKALIDQGYMKQILVSNDWLFGCSAYVTNAMDVMDSVNPDGMAFIPLRVIPFLREKGIPQETLAGITVTNPARFLSPTLRAS,11100,0.68765637,0.922361878,0.721821193
MQTRRVVLKSAAAAGTLLGGLAGCASVAGSIGTGDRINTVRGPITISEAGFTLTHEHICGSSAGFLRAWPEFFGSRKALAEKAVRGLRRARAAGVRTIVDVSTFDLGRDVSLLAEVSRAADVHIVAATGAWLDPPLSMRLRSVEELTQFFLREIQYGIEDTGIRAGIIKVAATAKVTPFQELVLRAAARASLATGVPVTTHTAASQRGGEQQAAIFESEGLSPSRVCIGHSDATDDLSYLTALAARGYLIGLDCIPHAAIGLEDNASASACAGIRSWQTRALLIKALIDQGYMKQILVSNDWLFGASAYVTNCMDVMDSVNPDGMAFIPLRVIPFLREKGIPQETLAGITVTNPARFLSPTLRAS,11010,0.63475785,0.165505948,0.539802953
MQTRRVVLKSAAAAGTLLGGLAGCASVAGSIGTGDRINTVRGPITISEAGFTLTHEHICGSSAGFLRAWPEFFGSRKALAEKAVRGLRRARAAGVRTIVDVSTFDLGRDVSLLAEVSRAADVHIVAATGAWLDPPLSMRLRSVEELTQFFLREIQYGIEDTGIRAGIIKVAATAKVTPFQELVLRAAARASLATGVPVTTHTAASQRGGEQQAAIFESEGLSPSRVCIGHSDATDDLSYLTALAARGYLIGLDCIPHAAIGLEDNASASACAGIRSWQTRALLIKALIDQGYMKQILVSNDWLFGCSAYVTNCMDVMDSVNPDGMAFIPLRVIPFLREKGIPQETLAGITVTNPARFLSPTLRAS,11001,0.59095283,-0.461242941,0.389074493
MQTRRVVLKSAAAAGTLLGGLAGCASVAGSIGTGDRINTVRGPITISEAGFTLTHEHICGSSAGFLRAWPEFFGSRKALAEKAVRGLRRARAAGVRTIVDVSTFDLGRDVSLLAEVSRAADVHIVAATGAWLDPPLSMRLRSVEELTQFFLREIQYGIEDTGIRAGIIKVAATAKVTPFQELVLRAAARASLATGVPVTTHTAASQRGGEQQAAIFESEGLSPSRVCIGHSDATDDLSYLTALAARGYLIGLDCIPHAAIGLEDNASASAACGIRSWQTRALLIKALIDQGYMKQILVSNDWLFGASAYVTNAMDVMDSVNPDGMAFIPLRVIPFLREKGIPQETLAGITVTNPARFLSPTLRAS,10110,0.692803644,0.996007504,0.73953242
MQTRRVVLKSAAAAGTLLGGLAGCASVAGSIGTGDRINTVRGPITISEAGFTLTHEHICGSSAGFLRAWPEFFGSRKALAEKAVRGLRRARAAGVRTIVDVSTFDLGRDVSLLAEVSRAADVHIVAATGAWLDPPLSMRLRSVEELTQFFLREIQYGIEDTGIRAGIIKVAATAKVTPFQELVLRAAARASLATGVPVTTHTAASQRGGEQQAAIFESEGLSPSRVCIGHSDATDDLSYLTALAARGYLIGLDCIPHAAIGLEDNASASAACGIRSWQTRALLIKALIDQGYMKQILVSNDWLFGCSAYVTNAMDVMDSVNPDGMAFIPLRVIPFLREKGIPQETLAGITVTNPARFLSPTLRAS,10101,0.648998625,0.369258616,0.588803959
MQTRRVVLKSAAAAGTLLGGLAGCASVAGSIGTGDRINTVRGPITISEAGFTLTHEHICGSSAGFLRAWPEFFGSRKALAEKAVRGLRRARAAGVRTIVDVSTFDLGRDVSLLAEVSRAADVHIVAATGAWLDPPLSMRLRSVEELTQFFLREIQYGIEDTGIRAGIIKVAATAKVTPFQELVLRAAARASLATGVPVTTHTAASQRGGEQQAAIFESEGLSPSRVCIGHSDATDDLSYLTALAARGYLIGLDCIPHAAIGLEDNASASAACGIRSWQTRALLIKALIDQGYMKQILVSNDWLFGASAYVTNCMDVMDSVNPDGMAFIPLRVIPFLREKGIPQETLAGITVTNPARFLSPTLRAS,10011,0.596100104,-0.387597314,0.40678572
MQTRRVVLKSAAAAGTLLGGLAGCASVAGSIGTGDRINTVRGPITISEAGFTLTHEHICGSSAGFLRAWPEFFGSRKALAEKAVRGLRRARAAGVRTIVDVSTFDLGRDVSLLAEVSRAADVHIVAATGAWLDPPLSMRLRSVEELTQFFLREIQYGIEDTGIRAGIIKVAATAKVTPFQELVLRAAARASLATGVPVTTHTAASQRGGEQQAAIFESEGLSPSRVCIGHSDATDDLSYLTALAARGYLIGLDCIPHAAIGLEDNASASAACGIRSWQTRALLIKALIDQGYMKQILVSNDWLFGCSAYVTNCMDVMDSVNPDGMAFIPLRVIPFLREKGIPQETLAGITVTNPARFLSPTLRAS,10111,0.552295084,-1.014346203,0.256057259
MQTRRVVLKSAAAAGTLLGGLAGCASVAGSIGTGDRINTVRGPITISEAGFTLTHEHICGSSAGFLRAWPEFFGSRKALAEKAVRGLRRARAAGVRTIVDVSTFDLGRDVSLLAEVSRAADVHIVAATGAWLDPPLSMRLRSVEELTQFFLREIQYGIEDTGIRAGIIKVAATAKVTPFQELVLRAAARASLATGVPVTTHTAASQRGGEQQAAIFESEGLSPSRVCIGHSDATDDLSYLTALAARGYLIGLDCIPHAAIGLEDNASASACCGIRSWQTRALLIKALIDQGYMKQILVSNDWLFGASAYVTNAMDVMDSVNPDGMAFIPLRVIPFLREKGIPQETLAGITVTNPARFLSPTLRAS,11110,0.768501276,2.079066175,1
MQTRRVVLKSAAAAGTLLGGLAGCASVAGSIGTGDRINTVRGPITISEAGFTLTHEHICGSSAGFLRAWPEFFGSRKALAEKAVRGLRRARAAGVRTIVDVSTFDLGRDVSLLAEVSRAADVHIVAATGAWLDPPLSMRLRSVEELTQFFLREIQYGIEDTGIRAGIIKVAATAKVTPFQELVLRAAARASLATGVPVTTHTAASQRGGEQQAAIFESEGLSPSRVCIGHSDATDDLSYLTALAARGYLIGLDCIPHAAIGLEDNASASACCGIRSWQTRALLIKALIDQGYMKQILVSNDWLFGCSAYVTNAMDVMDSVNPDGMAFIPLRVIPFLREKGIPQETLAGITVTNPARFLSPTLRAS,11101,0.724696256,1.452317287,0.849271539
MQTRRVVLKSAAAAGTLLGGLAGCASVAGSIGTGDRINTVRGPITISEAGFTLTHEHICGSSAGFLRAWPEFFGSRKALAEKAVRGLRRARAAGVRTIVDVSTFDLGRDVSLLAEVSRAADVHIVAATGAWLDPPLSMRLRSVEELTQFFLREIQYGIEDTGIRAGIIKVAATAKVTPFQELVLRAAARASLATGVPVTTHTAASQRGGEQQAAIFESEGLSPSRVCIGHSDATDDLSYLTALAARGYLIGLDCIPHAAIGLEDNASASACCGIRSWQTRALLIKALIDQGYMKQILVSNDWLFGASAYVTNCMDVMDSVNPDGMAFIPLRVIPFLREKGIPQETLAGITVTNPARFLSPTLRAS,11011,0.671797736,0.695461356,0.6672533
MQTRRVVLKSAAAAGTLLGGLAGCASVAGSIGTGDRINTVRGPITISEAGFTLTHEHICGSSAGFLRAWPEFFGSRKALAEKAVRGLRRARAAGVRTIVDVSTFDLGRDVSLLAEVSRAADVHIVAATGAWLDPPLSMRLRSVEELTQFFLREIQYGIEDTGIRAGIIKVAATAKVTPFQELVLRAAARASLATGVPVTTHTAASQRGGEQQAAIFESEGLSPSRVCIGHSDATDDLSYLTALAARGYLIGLDCIPHAAIGLEDNASASACCGIRSWQTRALLIKALIDQGYMKQILVSNDWLFGCSAYVTNCMDVMDSVNPDGMAFIPLRVIPFLREKGIPQETLAGITVTNPARFLSPTLRAS,11111,0.627992716,0.068712468,0.516524839
MQTRRVVLKSAAAAGTLLGGLAGCASVAGSIGTGDRINTVRGPITISEAGFTLTHEHICGSSAGFLRAWPEFFGSRKALAEKAVRGLRRARAAGVRTIVDVSTFDLGRDVSLLAEVSRAADVHIVAATGAWLDPPLSMRLRSVEELTQFFLREIQYGIEDTGIRAGIIKVAATAKVTPFQELVLRAAARASLATGVPVTTHTAASQRGGEQQAAIFESEGLSPSRVCIGHSDCTDDLSYLTALAARGYLIGLDAIPHAAIGLEDNASASAAAGIRSWQTRALLIKALIDQGYMKQILVSNDWLFGASAYVTNAMDVMDSVNPDGMAFIPLRVIPFLREKGIPQETLAGITVTNPARFLSPTLRAS,100000,0.618387749,-0.068712468,0.483475161
MQTRRVVLKSAAAAGTLLGGLAGCASVAGSIGTGDRINTVRGPITISEAGFTLTHEHICGSSAGFLRAWPEFFGSRKALAEKAVRGLRRARAAGVRTIVDVSTFDLGRDVSLLAEVSRAADVHIVAATGAWLDPPLSMRLRSVEELTQFFLREIQYGIEDTGIRAGIIKVAATAKVTPFQELVLRAAARASLATGVPVTTHTAASQRGGEQQAAIFESEGLSPSRVCIGHSDCTDDLSYLTALAARGYLIGLDAIPHAAIGLEDNASASAAAGIRSWQTRALLIKALIDQGYMKQILVSNDWLFGCSAYVTNAMDVMDSVNPDGMAFIPLRVIPFLREKGIPQETLAGITVTNPARFLSPTLRAS,101000,0.57458273,-0.695461356,0.3327467
MQTRRVVLKSAAAAGTLLGGLAGCASVAGSIGTGDRINTVRGPITISEAGFTLTHEHICGSSAGFLRAWPEFFGSRKALAEKAVRGLRRARAAGVRTIVDVSTFDLGRDVSLLAEVSRAADVHIVAATGAWLDPPLSMRLRSVEELTQFFLREIQYGIEDTGIRAGIIKVAATAKVTPFQELVLRAAARASLATGVPVTTHTAASQRGGEQQAAIFESEGLSPSRVCIGHSDCTDDLSYLTALAARGYLIGLDAIPHAAIGLEDNASASAAAGIRSWQTRALLIKALIDQGYMKQILVSNDWLFGASAYVTNCMDVMDSVNPDGMAFIPLRVIPFLREKGIPQETLAGITVTNPARFLSPTLRAS,100100,0.521684209,-1.452317287,0.150728461
MQTRRVVLKSAAAAGTLLGGLAGCASVAGSIGTGDRINTVRGPITISEAGFTLTHEHICGSSAGFLRAWPEFFGSRKALAEKAVRGLRRARAAGVRTIVDVSTFDLGRDVSLLAEVSRAADVHIVAATGAWLDPPLSMRLRSVEELTQFFLREIQYGIEDTGIRAGIIKVAATAKVTPFQELVLRAAARASLATGVPVTTHTAASQRGGEQQAAIFESEGLSPSRVCIGHSDCTDDLSYLTALAARGYLIGLDAIPHAAIGLEDNASASAAAGIRSWQTRALLIKALIDQGYMKQILVSNDWLFGCSAYVTNCMDVMDSVNPDGMAFIPLRVIPFLREKGIPQETLAGITVTNPARFLSPTLRAS,100010,0.477879189,-2.079066175,0
MQTRRVVLKSAAAAGTLLGGLAGCASVAGSIGTGDRINTVRGPITISEAGFTLTHEHICGSSAGFLRAWPEFFGSRKALAEKAVRGLRRARAAGVRTIVDVSTFDLGRDVSLLAEVSRAADVHIVAATGAWLDPPLSMRLRSVEELTQFFLREIQYGIEDTGIRAGIIKVAATAKVTPFQELVLRAAARASLATGVPVTTHTAASQRGGEQQAAIFESEGLSPSRVCIGHSDCTDDLSYLTALAARGYLIGLDAIPHAAIGLEDNASASACAGIRSWQTRALLIKALIDQGYMKQILVSNDWLFGASAYVTNAMDVMDSVNPDGMAFIPLRVIPFLREKGIPQETLAGITVTNPARFLSPTLRAS,100001,0.694085381,1.014346203,0.743942741
MQTRRVVLKSAAAAGTLLGGLAGCASVAGSIGTGDRINTVRGPITISEAGFTLTHEHICGSSAGFLRAWPEFFGSRKALAEKAVRGLRRARAAGVRTIVDVSTFDLGRDVSLLAEVSRAADVHIVAATGAWLDPPLSMRLRSVEELTQFFLREIQYGIEDTGIRAGIIKVAATAKVTPFQELVLRAAARASLATGVPVTTHTAASQRGGEQQAAIFESEGLSPSRVCIGHSDCTDDLSYLTALAARGYLIGLDAIPHAAIGLEDNASASACAGIRSWQTRALLIKALIDQGYMKQILVSNDWLFGCSAYVTNAMDVMDSVNPDGMAFIPLRVIPFLREKGIPQETLAGITVTNPARFLSPTLRAS,101100,0.650280361,0.387597314,0.59321428
MQTRRVVLKSAAAAGTLLGGLAGCASVAGSIGTGDRINTVRGPITISEAGFTLTHEHICGSSAGFLRAWPEFFGSRKALAEKAVRGLRRARAAGVRTIVDVSTFDLGRDVSLLAEVSRAADVHIVAATGAWLDPPLSMRLRSVEELTQFFLREIQYGIEDTGIRAGIIKVAATAKVTPFQELVLRAAARASLATGVPVTTHTAASQRGGEQQAAIFESEGLSPSRVCIGHSDCTDDLSYLTALAARGYLIGLDAIPHAAIGLEDNASASACAGIRSWQTRALLIKALIDQGYMKQILVSNDWLFGASAYVTNCMDVMDSVNPDGMAFIPLRVIPFLREKGIPQETLAGITVTNPARFLSPTLRAS,101010,0.597381841,-0.369258616,0.411196041
MQTRRVVLKSAAAAGTLLGGLAGCASVAGSIGTGDRINTVRGPITISEAGFTLTHEHICGSSAGFLRAWPEFFGSRKALAEKAVRGLRRARAAGVRTIVDVSTFDLGRDVSLLAEVSRAADVHIVAATGAWLDPPLSMRLRSVEELTQFFLREIQYGIEDTGIRAGIIKVAATAKVTPFQELVLRAAARASLATGVPVTTHTAASQRGGEQQAAIFESEGLSPSRVCIGHSDCTDDLSYLTALAARGYLIGLDAIPHAAIGLEDNASASACAGIRSWQTRALLIKALIDQGYMKQILVSNDWLFGCSAYVTNCMDVMDSVNPDGMAFIPLRVIPFLREKGIPQETLAGITVTNPARFLSPTLRAS,101001,0.553576821,-0.996007504,0.26046758
MQTRRVVLKSAAAAGTLLGGLAGCASVAGSIGTGDRINTVRGPITISEAGFTLTHEHICGSSAGFLRAWPEFFGSRKALAEKAVRGLRRARAAGVRTIVDVSTFDLGRDVSLLAEVSRAADVHIVAATGAWLDPPLSMRLRSVEELTQFFLREIQYGIEDTGIRAGIIKVAATAKVTPFQELVLRAAARASLATGVPVTTHTAASQRGGEQQAAIFESEGLSPSRVCIGHSDCTDDLSYLTALAARGYLIGLDAIPHAAIGLEDNASASAACGIRSWQTRALLIKALIDQGYMKQILVSNDWLFGASAYVTNAMDVMDSVNPDGMAFIPLRVIPFLREKGIPQETLAGITVTNPARFLSPTLRAS,100110,0.655427635,0.461242941,0.610925507
MQTRRVVLKSAAAAGTLLGGLAGCASVAGSIGTGDRINTVRGPITISEAGFTLTHEHICGSSAGFLRAWPEFFGSRKALAEKAVRGLRRARAAGVRTIVDVSTFDLGRDVSLLAEVSRAADVHIVAATGAWLDPPLSMRLRSVEELTQFFLREIQYGIEDTGIRAGIIKVAATAKVTPFQELVLRAAARASLATGVPVTTHTAASQRGGEQQAAIFESEGLSPSRVCIGHSDCTDDLSYLTALAARGYLIGLDAIPHAAIGLEDNASASAACGIRSWQTRALLIKALIDQGYMKQILVSNDWLFGCSAYVTNAMDVMDSVNPDGMAFIPLRVIPFLREKGIPQETLAGITVTNPARFLSPTLRAS,100101,0.611622615,-0.165505948,0.460197047
MQTRRVVLKSAAAAGTLLGGLAGCASVAGSIGTGDRINTVRGPITISEAGFTLTHEHICGSSAGFLRAWPEFFGSRKALAEKAVRGLRRARAAGVRTIVDVSTFDLGRDVSLLAEVSRAADVHIVAATGAWLDPPLSMRLRSVEELTQFFLREIQYGIEDTGIRAGIIKVAATAKVTPFQELVLRAAARASLATGVPVTTHTAASQRGGEQQAAIFESEGLSPSRVCIGHSDCTDDLSYLTALAARGYLIGLDAIPHAAIGLEDNASASAACGIRSWQTRALLIKALIDQGYMKQILVSNDWLFGASAYVTNCMDVMDSVNPDGMAFIPLRVIPFLREKGIPQETLAGITVTNPARFLSPTLRAS,100011,0.558724095,-0.922361878,0.278178807
MQTRRVVLKSAAAAGTLLGGLAGCASVAGSIGTGDRINTVRGPITISEAGFTLTHEHICGSSAGFLRAWPEFFGSRKALAEKAVRGLRRARAAGVRTIVDVSTFDLGRDVSLLAEVSRAADVHIVAATGAWLDPPLSMRLRSVEELTQFFLREIQYGIEDTGIRAGIIKVAATAKVTPFQELVLRAAARASLATGVPVTTHTAASQRGGEQQAAIFESEGLSPSRVCIGHSDCTDDLSYLTALAARGYLIGLDAIPHAAIGLEDNASASAACGIRSWQTRALLIKALIDQGYMKQILVSNDWLFGCSAYVTNCMDVMDSVNPDGMAFIPLRVIPFLREKGIPQETLAGITVTNPARFLSPTLRAS,101110,0.514919075,-1.549110766,0.127450347
MQTRRVVLKSAAAAGTLLGGLAGCASVAGSIGTGDRINTVRGPITISEAGFTLTHEHICGSSAGFLRAWPEFFGSRKALAEKAVRGLRRARAAGVRTIVDVSTFDLGRDVSLLAEVSRAADVHIVAATGAWLDPPLSMRLRSVEELTQFFLREIQYGIEDTGIRAGIIKVAATAKVTPFQELVLRAAARASLATGVPVTTHTAASQRGGEQQAAIFESEGLSPSRVCIGHSDCTDDLSYLTALAARGYLIGLDAIPHAAIGLEDNASASACCGIRSWQTRALLIKALIDQGYMKQILVSNDWLFGASAYVTNAMDVMDSVNPDGMAFIPLRVIPFLREKGIPQETLAGITVTNPARFLSPTLRAS,101101,0.731125267,1.544301611,0.871393087
MQTRRVVLKSAAAAGTLLGGLAGCASVAGSIGTGDRINTVRGPITISEAGFTLTHEHICGSSAGFLRAWPEFFGSRKALAEKAVRGLRRARAAGVRTIVDVSTFDLGRDVSLLAEVSRAADVHIVAATGAWLDPPLSMRLRSVEELTQFFLREIQYGIEDTGIRAGIIKVAATAKVTPFQELVLRAAARASLATGVPVTTHTAASQRGGEQQAAIFESEGLSPSRVCIGHSDCTDDLSYLTALAARGYLIGLDAIPHAAIGLEDNASASACCGIRSWQTRALLIKALIDQGYMKQILVSNDWLFGCSAYVTNAMDVMDSVNPDGMAFIPLRVIPFLREKGIPQETLAGITVTNPARFLSPTLRAS,101011,0.687320247,0.917552723,0.720664627
MQTRRVVLKSAAAAGTLLGGLAGCASVAGSIGTGDRINTVRGPITISEAGFTLTHEHICGSSAGFLRAWPEFFGSRKALAEKAVRGLRRARAAGVRTIVDVSTFDLGRDVSLLAEVSRAADVHIVAATGAWLDPPLSMRLRSVEELTQFFLREIQYGIEDTGIRAGIIKVAATAKVTPFQELVLRAAARASLATGVPVTTHTAASQRGGEQQAAIFESEGLSPSRVCIGHSDCTDDLSYLTALAARGYLIGLDAIPHAAIGLEDNASASACCGIRSWQTRALLIKALIDQGYMKQILVSNDWLFGASAYVTNCMDVMDSVNPDGMAFIPLRVIPFLREKGIPQETLAGITVTNPARFLSPTLRAS,100111,0.634421726,0.160696793,0.538646387
MQTRRVVLKSAAAAGTLLGGLAGCASVAGSIGTGDRINTVRGPITISEAGFTLTHEHICGSSAGFLRAWPEFFGSRKALAEKAVRGLRRARAAGVRTIVDVSTFDLGRDVSLLAEVSRAADVHIVAATGAWLDPPLSMRLRSVEELTQFFLREIQYGIEDTGIRAGIIKVAATAKVTPFQELVLRAAARASLATGVPVTTHTAASQRGGEQQAAIFESEGLSPSRVCIGHSDCTDDLSYLTALAARGYLIGLDAIPHAAIGLEDNASASACCGIRSWQTRALLIKALIDQGYMKQILVSNDWLFGCSAYVTNCMDVMDSVNPDGMAFIPLRVIPFLREKGIPQETLAGITVTNPARFLSPTLRAS,101111,0.590616707,-0.466052095,0.387917927
MQTRRVVLKSAAAAGTLLGGLAGCASVAGSIGTGDRINTVRGPITISEAGFTLTHEHICGSSAGFLRAWPEFFGSRKALAEKAVRGLRRARAAGVRTIVDVSTFDLGRDVSLLAEVSRAADVHIVAATGAWLDPPLSMRLRSVEELTQFFLREIQYGIEDTGIRAGIIKVAATAKVTPFQELVLRAAARASLATGVPVTTHTAASQRGGEQQAAIFESEGLSPSRVCIGHSDCTDDLSYLTALAARGYLIGLDCIPHAAIGLEDNASASAAAGIRSWQTRALLIKALIDQGYMKQILVSNDWLFGASAYVTNAMDVMDSVNPDGMAFIPLRVIPFLREKGIPQETLAGITVTNPARFLSPTLRAS,110000,0.64611706,0.328030064,0.578888798
MQTRRVVLKSAAAAGTLLGGLAGCASVAGSIGTGDRINTVRGPITISEAGFTLTHEHICGSSAGFLRAWPEFFGSRKALAEKAVRGLRRARAAGVRTIVDVSTFDLGRDVSLLAEVSRAADVHIVAATGAWLDPPLSMRLRSVEELTQFFLREIQYGIEDTGIRAGIIKVAATAKVTPFQELVLRAAARASLATGVPVTTHTAASQRGGEQQAAIFESEGLSPSRVCIGHSDCTDDLSYLTALAARGYLIGLDCIPHAAIGLEDNASASAAAGIRSWQTRALLIKALIDQGYMKQILVSNDWLFGCSAYVTNAMDVMDSVNPDGMAFIPLRVIPFLREKGIPQETLAGITVTNPARFLSPTLRAS,111000,0.60231204,-0.298718824,0.428160338
MQTRRVVLKSAAAAGTLLGGLAGCASVAGSIGTGDRINTVRGPITISEAGFTLTHEHICGSSAGFLRAWPEFFGSRKALAEKAVRGLRRARAAGVRTIVDVSTFDLGRDVSLLAEVSRAADVHIVAATGAWLDPPLSMRLRSVEELTQFFLREIQYGIEDTGIRAGIIKVAATAKVTPFQELVLRAAARASLATGVPVTTHTAASQRGGEQQAAIFESEGLSPSRVCIGHSDCTDDLSYLTALAARGYLIGLDCIPHAAIGLEDNASASAAAGIRSWQTRALLIKALIDQGYMKQILVSNDWLFGASAYVTNCMDVMDSVNPDGMAFIPLRVIPFLREKGIPQETLAGITVTNPARFLSPTLRAS,110100,0.549413519,-1.055574754,0.246142098
MQTRRVVLKSAAAAGTLLGGLAGCASVAGSIGTGDRINTVRGPITISEAGFTLTHEHICGSSAGFLRAWPEFFGSRKALAEKAVRGLRRARAAGVRTIVDVSTFDLGRDVSLLAEVSRAADVHIVAATGAWLDPPLSMRLRSVEELTQFFLREIQYGIEDTGIRAGIIKVAATAKVTPFQELVLRAAARASLATGVPVTTHTAASQRGGEQQAAIFESEGLSPSRVCIGHSDCTDDLSYLTALAARGYLIGLDCIPHAAIGLEDNASASAAAGIRSWQTRALLIKALIDQGYMKQILVSNDWLFGCSAYVTNCMDVMDSVNPDGMAFIPLRVIPFLREKGIPQETLAGITVTNPARFLSPTLRAS,110010,0.5056085,-1.682323642,0.095413638
MQTRRVVLKSAAAAGTLLGGLAGCASVAGSIGTGDRINTVRGPITISEAGFTLTHEHICGSSAGFLRAWPEFFGSRKALAEKAVRGLRRARAAGVRTIVDVSTFDLGRDVSLLAEVSRAADVHIVAATGAWLDPPLSMRLRSVEELTQFFLREIQYGIEDTGIRAGIIKVAATAKVTPFQELVLRAAARASLATGVPVTTHTAASQRGGEQQAAIFESEGLSPSRVCIGHSDCTDDLSYLTALAARGYLIGLDCIPHAAIGLEDNASASACAGIRSWQTRALLIKALIDQGYMKQILVSNDWLFGASAYVTNAMDVMDSVNPDGMAFIPLRVIPFLREKGIPQETLAGITVTNPARFLSPTLRAS,110001,0.721814691,1.411088735,0.839356378
MQTRRVVLKSAAAAGTLLGGLAGCASVAGSIGTGDRINTVRGPITISEAGFTLTHEHICGSSAGFLRAWPEFFGSRKALAEKAVRGLRRARAAGVRTIVDVSTFDLGRDVSLLAEVSRAADVHIVAATGAWLDPPLSMRLRSVEELTQFFLREIQYGIEDTGIRAGIIKVAATAKVTPFQELVLRAAARASLATGVPVTTHTAASQRGGEQQAAIFESEGLSPSRVCIGHSDCTDDLSYLTALAARGYLIGLDCIPHAAIGLEDNASASACAGIRSWQTRALLIKALIDQGYMKQILVSNDWLFGCSAYVTNAMDVMDSVNPDGMAFIPLRVIPFLREKGIPQETLAGITVTNPARFLSPTLRAS,111100,0.678009672,0.784339847,0.688627918
MQTRRVVLKSAAAAGTLLGGLAGCASVAGSIGTGDRINTVRGPITISEAGFTLTHEHICGSSAGFLRAWPEFFGSRKALAEKAVRGLRRARAAGVRTIVDVSTFDLGRDVSLLAEVSRAADVHIVAATGAWLDPPLSMRLRSVEELTQFFLREIQYGIEDTGIRAGIIKVAATAKVTPFQELVLRAAARASLATGVPVTTHTAASQRGGEQQAAIFESEGLSPSRVCIGHSDCTDDLSYLTALAARGYLIGLDCIPHAAIGLEDNASASACAGIRSWQTRALLIKALIDQGYMKQILVSNDWLFGASAYVTNCMDVMDSVNPDGMAFIPLRVIPFLREKGIPQETLAGITVTNPARFLSPTLRAS,111010,0.625111151,0.027483917,0.506609678
MQTRRVVLKSAAAAGTLLGGLAGCASVAGSIGTGDRINTVRGPITISEAGFTLTHEHICGSSAGFLRAWPEFFGSRKALAEKAVRGLRRARAAGVRTIVDVSTFDLGRDVSLLAEVSRAADVHIVAATGAWLDPPLSMRLRSVEELTQFFLREIQYGIEDTGIRAGIIKVAATAKVTPFQELVLRAAARASLATGVPVTTHTAASQRGGEQQAAIFESEGLSPSRVCIGHSDCTDDLSYLTALAARGYLIGLDCIPHAAIGLEDNASASACAGIRSWQTRALLIKALIDQGYMKQILVSNDWLFGCSAYVTNCMDVMDSVNPDGMAFIPLRVIPFLREKGIPQETLAGITVTNPARFLSPTLRAS,111001,0.581306131,-0.599264971,0.355881218
MQTRRVVLKSAAAAGTLLGGLAGCASVAGSIGTGDRINTVRGPITISEAGFTLTHEHICGSSAGFLRAWPEFFGSRKALAEKAVRGLRRARAAGVRTIVDVSTFDLGRDVSLLAEVSRAADVHIVAATGAWLDPPLSMRLRSVEELTQFFLREIQYGIEDTGIRAGIIKVAATAKVTPFQELVLRAAARASLATGVPVTTHTAASQRGGEQQAAIFESEGLSPSRVCIGHSDCTDDLSYLTALAARGYLIGLDCIPHAAIGLEDNASASAACGIRSWQTRALLIKALIDQGYMKQILVSNDWLFGASAYVTNAMDVMDSVNPDGMAFIPLRVIPFLREKGIPQETLAGITVTNPARFLSPTLRAS,110110,0.683156945,0.857985473,0.706339145
MQTRRVVLKSAAAAGTLLGGLAGCASVAGSIGTGDRINTVRGPITISEAGFTLTHEHICGSSAGFLRAWPEFFGSRKALAEKAVRGLRRARAAGVRTIVDVSTFDLGRDVSLLAEVSRAADVHIVAATGAWLDPPLSMRLRSVEELTQFFLREIQYGIEDTGIRAGIIKVAATAKVTPFQELVLRAAARASLATGVPVTTHTAASQRGGEQQAAIFESEGLSPSRVCIGHSDCTDDLSYLTALAARGYLIGLDCIPHAAIGLEDNASASAACGIRSWQTRALLIKALIDQGYMKQILVSNDWLFGCSAYVTNAMDVMDSVNPDGMAFIPLRVIPFLREKGIPQETLAGITVTNPARFLSPTLRAS,110101,0.639351926,0.231236585,0.555610684
MQTRRVVLKSAAAAGTLLGGLAGCASVAGSIGTGDRINTVRGPITISEAGFTLTHEHICGSSAGFLRAWPEFFGSRKALAEKAVRGLRRARAAGVRTIVDVSTFDLGRDVSLLAEVSRAADVHIVAATGAWLDPPLSMRLRSVEELTQFFLREIQYGIEDTGIRAGIIKVAATAKVTPFQELVLRAAARASLATGVPVTTHTAASQRGGEQQAAIFESEGLSPSRVCIGHSDCTDDLSYLTALAARGYLIGLDCIPHAAIGLEDNASASAACGIRSWQTRALLIKALIDQGYMKQILVSNDWLFGASAYVTNCMDVMDSVNPDGMAFIPLRVIPFLREKGIPQETLAGITVTNPARFLSPTLRAS,110011,0.586453405,-0.525619345,0.373592445
MQTRRVVLKSAAAAGTLLGGLAGCASVAGSIGTGDRINTVRGPITISEAGFTLTHEHICGSSAGFLRAWPEFFGSRKALAEKAVRGLRRARAAGVRTIVDVSTFDLGRDVSLLAEVSRAADVHIVAATGAWLDPPLSMRLRSVEELTQFFLREIQYGIEDTGIRAGIIKVAATAKVTPFQELVLRAAARASLATGVPVTTHTAASQRGGEQQAAIFESEGLSPSRVCIGHSDCTDDLSYLTALAARGYLIGLDCIPHAAIGLEDNASASAACGIRSWQTRALLIKALIDQGYMKQILVSNDWLFGCSAYVTNCMDVMDSVNPDGMAFIPLRVIPFLREKGIPQETLAGITVTNPARFLSPTLRAS,110111,0.542648385,-1.152368233,0.222863984
MQTRRVVLKSAAAAGTLLGGLAGCASVAGSIGTGDRINTVRGPITISEAGFTLTHEHICGSSAGFLRAWPEFFGSRKALAEKAVRGLRRARAAGVRTIVDVSTFDLGRDVSLLAEVSRAADVHIVAATGAWLDPPLSMRLRSVEELTQFFLREIQYGIEDTGIRAGIIKVAATAKVTPFQELVLRAAARASLATGVPVTTHTAASQRGGEQQAAIFESEGLSPSRVCIGHSDCTDDLSYLTALAARGYLIGLDCIPHAAIGLEDNASASACCGIRSWQTRALLIKALIDQGYMKQILVSNDWLFGASAYVTNAMDVMDSVNPDGMAFIPLRVIPFLREKGIPQETLAGITVTNPARFLSPTLRAS,111011,0.758854577,1.941044144,0.966806725
MQTRRVVLKSAAAAGTLLGGLAGCASVAGSIGTGDRINTVRGPITISEAGFTLTHEHICGSSAGFLRAWPEFFGSRKALAEKAVRGLRRARAAGVRTIVDVSTFDLGRDVSLLAEVSRAADVHIVAATGAWLDPPLSMRLRSVEELTQFFLREIQYGIEDTGIRAGIIKVAATAKVTPFQELVLRAAARASLATGVPVTTHTAASQRGGEQQAAIFESEGLSPSRVCIGHSDCTDDLSYLTALAARGYLIGLDCIPHAAIGLEDNASASACCGIRSWQTRALLIKALIDQGYMKQILVSNDWLFGCSAYVTNAMDVMDSVNPDGMAFIPLRVIPFLREKGIPQETLAGITVTNPARFLSPTLRAS,111101,0.715049557,1.314295256,0.816078264
MQTRRVVLKSAAAAGTLLGGLAGCASVAGSIGTGDRINTVRGPITISEAGFTLTHEHICGSSAGFLRAWPEFFGSRKALAEKAVRGLRRARAAGVRTIVDVSTFDLGRDVSLLAEVSRAADVHIVAATGAWLDPPLSMRLRSVEELTQFFLREIQYGIEDTGIRAGIIKVAATAKVTPFQELVLRAAARASLATGVPVTTHTAASQRGGEQQAAIFESEGLSPSRVCIGHSDCTDDLSYLTALAARGYLIGLDCIPHAAIGLEDNASASACCGIRSWQTRALLIKALIDQGYMKQILVSNDWLFGASAYVTNCMDVMDSVNPDGMAFIPLRVIPFLREKGIPQETLAGITVTNPARFLSPTLRAS,111110,0.662151037,0.557439326,0.634060025
MQTRRVVLKSAAAAGTLLGGLAGCASVAGSIGTGDRINTVRGPITISEAGFTLTHEHICGSSAGFLRAWPEFFGSRKALAEKAVRGLRRARAAGVRTIVDVSTFDLGRDVSLLAEVSRAADVHIVAATGAWLDPPLSMRLRSVEELTQFFLREIQYGIEDTGIRAGIIKVAATAKVTPFQELVLRAAARASLATGVPVTTHTAASQRGGEQQAAIFESEGLSPSRVCIGHSDCTDDLSYLTALAARGYLIGLDCIPHAAIGLEDNASASACCGIRSWQTRALLIKALIDQGYMKQILVSNDWLFGCSAYVTNCMDVMDSVNPDGMAFIPLRVIPFLREKGIPQETLAGITVTNPARFLSPTLRAS,111111,0.618346017,-0.069309562,0.483331564