sequence,fitness
MQTRRVVLKSAAAAGTLLGGLAGCASVAGSIGTGDRINTVRGPITISEAGFTLTHEHICGSSAGFLRAWPEFFGSRKALAEKAVRGLRRARAAGVRTIVDVSTFDLGRDVSLLAEVSRAADVHIVAATGLWLDPPLSMRLRSVEELTQFFLREIQYGIEDTGIRAGIIKVATTGKVTPFQELVLRAAARASLATGVPVTTHTAASQRGGEQQAAIFESEGLSPSRVCIGHSDDTDDLSYLTALAARGYLIGLDHIPHSAIGLEDNASASALLGIRSWQTRALLIKALIDQGYMKQILVSNDWLFGFSSYVTNIMDVMDSVNPDGMAFIPLRVIPFLREKGIPQETLAGITVTNPARFLSPTLRAS,0.000418994
MQTRRVVLKSAAAAGTLLGGLAGCASVAGSIGTGDRINTVRGPITISEAGFTLTHEHICGSSAGFLRAWPEFFGSRKALAEKAVRGLRRARAAGVRTIVDVSTFDLGRDVSLLAEVSRAADVHIVAATGLWLDPPLSMRLRSVEELTQFFLREIQYGIEDTGIRAGIIKVATTGKVTPFQELVLRAAARASLATGVPVTTHTAASQRGGEQQAAIFESEGLSPSRVCIGHSDETDDLSYLTALAARGYLIGLDHIPHSAIGLEDNASASALLGIRSWQTRALLIKALIDQGYMKQILVSNDWLFGFSSYVTNIMDVMDSVNPDGMAFIPLRVIPFLREKGIPQETLAGITVTNPARFLSPTLRAS,0.001905659
MQTRRVVLKSAAAAGTLLGGLAGCASVAGSIGTGDRINTVRGPITISEAGFTLTHEHICGSSAGFLRAWPEFFGSRKALAEKAVRGLRRARAAGVRTIVDVSTFDLGRDVSLLAEVSRAADVHIVAATGLWLDPPLSMRLRSVEELTQFFLREIQYGIEDTGIRAGIIKVATTGKVTPFQELVLRAAARASLATGVPVTTHTAASQRGGEQQAAIFESEGLSPSRVCIGHSDDTDDLSYLTALAARGYLIGLDRIPHSAIGLEDNASASALLGIRSWQTRALLIKALIDQGYMKQILVSNDWLFGFSSYVTNIMDVMDSVNPDGMAFIPLRVIPFLREKGIPQETLAGITVTNPARFLSPTLRAS,0.003070306
MQTRRVVLKSAAAAGTLLGGLAGCASVAGSIGTGDRINTVRGPITISEAGFTLTHEHICGSSAGFLRAWPEFFGSRKALAEKAVRGLRRARAAGVRTIVDVSTFDLGRDVSLLAEVSRAADVHIVAATGLWLDPPLSMRLRSVEELTQFFLREIQYGIEDTGIRAGIIKVATTGKVTPFQELVLRAAARASLATGVPVTTHTAASQRGGEQQAAIFESEGLSPSRVCIGHSDDTDDLSYLTALAARGYLIGLDHIPHSAIGLEDNASASAFLGIRSWQTRALLIKALIDQGYMKQILVSNDWLFGFSSYVTNIMDVMDSVNPDGMAFIPLRVIPFLREKGIPQETLAGITVTNPARFLSPTLRAS,0.000296962
MQTRRVVLKSAAAAGTLLGGLAGCASVAGSIGTGDRINTVRGPITISEAGFTLTHEHICGSSAGFLRAWPEFFGSRKALAEKAVRGLRRARAAGVRTIVDVSTFDLGRDVSLLAEVSRAADVHIVAATGLWLDPPLSMRLRSVEELTQFFLREIQYGIEDTGIRAGIIKVATTGKVTPFQELVLRAAARASLATGVPVTTHTAASQRGGEQQAAIFESEGLSPSRVCIGHSDDTDDLSYLTALAARGYLIGLDHIPHSAIGLEDNASASALMGIRSWQTRALLIKALIDQGYMKQILVSNDWLFGFSSYVTNIMDVMDSVNPDGMAFIPLRVIPFLREKGIPQETLAGITVTNPARFLSPTLRAS,0.000871861
MQTRRVVLKSAAAAGTLLGGLAGCASVAGSIGTGDRINTVRGPITISEAGFTLTHEHICGSSAGFLRAWPEFFGSRKALAEKAVRGLRRARAAGVRTIVDVSTFDLGRDVSLLAEVSRAADVHIVAATGLWLDPPLSMRLRSVEELTQFFLREIQYGIEDTGIRAGIIKVATTGKVTPFQELVLRAAARASLATGVPVTTHTAASQRGGEQQAAIFESEGLSPSRVCIGHSDDTDDLSYLTALAARGYLIGLDHIPHSAIGLEDNASASALLGIRSWQTRALLIKALIDQGYMKQILVSNDWLFGISSYVTNIMDVMDSVNPDGMAFIPLRVIPFLREKGIPQETLAGITVTNPARFLSPTLRAS,0.012189814
MQTRRVVLKSAAAAGTLLGGLAGCASVAGSIGTGDRINTVRGPITISEAGFTLTHEHICGSSAGFLRAWPEFFGSRKALAEKAVRGLRRARAAGVRTIVDVSTFDLGRDVSLLAEVSRAADVHIVAATGLWLDPPLSMRLRSVEELTQFFLREIQYGIEDTGIRAGIIKVATTGKVTPFQELVLRAAARASLATGVPVTTHTAASQRGGEQQAAIFESEGLSPSRVCIGHSDDTDDLSYLTALAARGYLIGLDHIPHSAIGLEDNASASALLGIRSWQTRALLIKALIDQGYMKQILVSNDWLFGFSSYVTNFMDVMDSVNPDGMAFIPLRVIPFLREKGIPQETLAGITVTNPARFLSPTLRAS,0.000399042
MQTRRVVLKSAAAAGTLLGGLAGCASVAGSIGTGDRINTVRGPITISEAGFTLTHEHICGSSAGFLRAWPEFFGSRKALAEKAVRGLRRARAAGVRTIVDVSTFDLGRDVSLLAEVSRAADVHIVAATGLWLDPPLSMRLRSVEELTQFFLREIQYGIEDTGIRAGIIKVATTGKVTPFQELVLRAAARASLATGVPVTTHTAASQRGGEQQAAIFESEGLSPSRVCIGHSDETDDLSYLTALAARGYLIGLDRIPHSAIGLEDNASASALLGIRSWQTRALLIKALIDQGYMKQILVSNDWLFGFSSYVTNIMDVMDSVNPDGMAFIPLRVIPFLREKGIPQETLAGITVTNPARFLSPTLRAS,0.242049778
MQTRRVVLKSAAAAGTLLGGLAGCASVAGSIGTGDRINTVRGPITISEAGFTLTHEHICGSSAGFLRAWPEFFGSRKALAEKAVRGLRRARAAGVRTIVDVSTFDLGRDVSLLAEVSRAADVHIVAATGLWLDPPLSMRLRSVEELTQFFLREIQYGIEDTGIRAGIIKVATTGKVTPFQELVLRAAARASLATGVPVTTHTAASQRGGEQQAAIFESEGLSPSRVCIGHSDETDDLSYLTALAARGYLIGLDHIPHSAIGLEDNASASAFLGIRSWQTRALLIKALIDQGYMKQILVSNDWLFGFSSYVTNIMDVMDSVNPDGMAFIPLRVIPFLREKGIPQETLAGITVTNPARFLSPTLRAS,0.001734442
MQTRRVVLKSAAAAGTLLGGLAGCASVAGSIGTGDRINTVRGPITISEAGFTLTHEHICGSSAGFLRAWPEFFGSRKALAEKAVRGLRRARAAGVRTIVDVSTFDLGRDVSLLAEVSRAADVHIVAATGLWLDPPLSMRLRSVEELTQFFLREIQYGIEDTGIRAGIIKVATTGKVTPFQELVLRAAARASLATGVPVTTHTAASQRGGEQQAAIFESEGLSPSRVCIGHSDETDDLSYLTALAARGYLIGLDHIPHSAIGLEDNASASALMGIRSWQTRALLIKALIDQGYMKQILVSNDWLFGFSSYVTNIMDVMDSVNPDGMAFIPLRVIPFLREKGIPQETLAGITVTNPARFLSPTLRAS,0.002080124
MQTRRVVLKSAAAAGTLLGGLAGCASVAGSIGTGDRINTVRGPITISEAGFTLTHEHICGSSAGFLRAWPEFFGSRKALAEKAVRGLRRARAAGVRTIVDVSTFDLGRDVSLLAEVSRAADVHIVAATGLWLDPPLSMRLRSVEELTQFFLREIQYGIEDTGIRAGIIKVATTGKVTPFQELVLRAAARASLATGVPVTTHTAASQRGGEQQAAIFESEGLSPSRVCIGHSDETDDLSYLTALAARGYLIGLDHIPHSAIGLEDNASASALLGIRSWQTRALLIKALIDQGYMKQILVSNDWLFGISSYVTNIMDVMDSVNPDGMAFIPLRVIPFLREKGIPQETLAGITVTNPARFLSPTLRAS,0.041544943
MQTRRVVLKSAAAAGTLLGGLAGCASVAGSIGTGDRINTVRGPITISEAGFTLTHEHICGSSAGFLRAWPEFFGSRKALAEKAVRGLRRARAAGVRTIVDVSTFDLGRDVSLLAEVSRAADVHIVAATGLWLDPPLSMRLRSVEELTQFFLREIQYGIEDTGIRAGIIKVATTGKVTPFQELVLRAAARASLATGVPVTTHTAASQRGGEQQAAIFESEGLSPSRVCIGHSDETDDLSYLTALAARGYLIGLDHIPHSAIGLEDNASASALLGIRSWQTRALLIKALIDQGYMKQILVSNDWLFGFSSYVTNFMDVMDSVNPDGMAFIPLRVIPFLREKGIPQETLAGITVTNPARFLSPTLRAS,0.001405464
MQTRRVVLKSAAAAGTLLGGLAGCASVAGSIGTGDRINTVRGPITISEAGFTLTHEHICGSSAGFLRAWPEFFGSRKALAEKAVRGLRRARAAGVRTIVDVSTFDLGRDVSLLAEVSRAADVHIVAATGLWLDPPLSMRLRSVEELTQFFLREIQYGIEDTGIRAGIIKVATTGKVTPFQELVLRAAARASLATGVPVTTHTAASQRGGEQQAAIFESEGLSPSRVCIGHSDDTDDLSYLTALAARGYLIGLDRIPHSAIGLEDNASASAFLGIRSWQTRALLIKALIDQGYMKQILVSNDWLFGFSSYVTNIMDVMDSVNPDGMAFIPLRVIPFLREKGIPQETLAGITVTNPARFLSPTLRAS,0.003066594
MQTRRVVLKSAAAAGTLLGGLAGCASVAGSIGTGDRINTVRGPITISEAGFTLTHEHICGSSAGFLRAWPEFFGSRKALAEKAVRGLRRARAAGVRTIVDVSTFDLGRDVSLLAEVSRAADVHIVAATGLWLDPPLSMRLRSVEELTQFFLREIQYGIEDTGIRAGIIKVATTGKVTPFQELVLRAAARASLATGVPVTTHTAASQRGGEQQAAIFESEGLSPSRVCIGHSDDTDDLSYLTALAARGYLIGLDRIPHSAIGLEDNASASALMGIRSWQTRALLIKALIDQGYMKQILVSNDWLFGFSSYVTNIMDVMDSVNPDGMAFIPLRVIPFLREKGIPQETLAGITVTNPARFLSPTLRAS,0.00859565
MQTRRVVLKSAAAAGTLLGGLAGCASVAGSIGTGDRINTVRGPITISEAGFTLTHEHICGSSAGFLRAWPEFFGSRKALAEKAVRGLRRARAAGVRTIVDVSTFDLGRDVSLLAEVSRAADVHIVAATGLWLDPPLSMRLRSVEELTQFFLREIQYGIEDTGIRAGIIKVATTGKVTPFQELVLRAAARASLATGVPVTTHTAASQRGGEQQAAIFESEGLSPSRVCIGHSDDTDDLSYLTALAARGYLIGLDRIPHSAIGLEDNASASALLGIRSWQTRALLIKALIDQGYMKQILVSNDWLFGISSYVTNIMDVMDSVNPDGMAFIPLRVIPFLREKGIPQETLAGITVTNPARFLSPTLRAS,0.075367954
MQTRRVVLKSAAAAGTLLGGLAGCASVAGSIGTGDRINTVRGPITISEAGFTLTHEHICGSSAGFLRAWPEFFGSRKALAEKAVRGLRRARAAGVRTIVDVSTFDLGRDVSLLAEVSRAADVHIVAATGLWLDPPLSMRLRSVEELTQFFLREIQYGIEDTGIRAGIIKVATTGKVTPFQELVLRAAARASLATGVPVTTHTAASQRGGEQQAAIFESEGLSPSRVCIGHSDDTDDLSYLTALAARGYLIGLDRIPHSAIGLEDNASASALLGIRSWQTRALLIKALIDQGYMKQILVSNDWLFGFSSYVTNFMDVMDSVNPDGMAFIPLRVIPFLREKGIPQETLAGITVTNPARFLSPTLRAS,0.00419876
MQTRRVVLKSAAAAGTLLGGLAGCASVAGSIGTGDRINTVRGPITISEAGFTLTHEHICGSSAGFLRAWPEFFGSRKALAEKAVRGLRRARAAGVRTIVDVSTFDLGRDVSLLAEVSRAADVHIVAATGLWLDPPLSMRLRSVEELTQFFLREIQYGIEDTGIRAGIIKVATTGKVTPFQELVLRAAARASLATGVPVTTHTAASQRGGEQQAAIFESEGLSPSRVCIGHSDDTDDLSYLTALAARGYLIGLDHIPHSAIGLEDNASASAFMGIRSWQTRALLIKALIDQGYMKQILVSNDWLFGFSSYVTNIMDVMDSVNPDGMAFIPLRVIPFLREKGIPQETLAGITVTNPARFLSPTLRAS,0.0006561
MQTRRVVLKSAAAAGTLLGGLAGCASVAGSIGTGDRINTVRGPITISEAGFTLTHEHICGSSAGFLRAWPEFFGSRKALAEKAVRGLRRARAAGVRTIVDVSTFDLGRDVSLLAEVSRAADVHIVAATGLWLDPPLSMRLRSVEELTQFFLREIQYGIEDTGIRAGIIKVATTGKVTPFQELVLRAAARASLATGVPVTTHTAASQRGGEQQAAIFESEGLSPSRVCIGHSDDTDDLSYLTALAARGYLIGLDHIPHSAIGLEDNASASAFLGIRSWQTRALLIKALIDQGYMKQILVSNDWLFGISSYVTNIMDVMDSVNPDGMAFIPLRVIPFLREKGIPQETLAGITVTNPARFLSPTLRAS,0.008000798
MQTRRVVLKSAAAAGTLLGGLAGCASVAGSIGTGDRINTVRGPITISEAGFTLTHEHICGSSAGFLRAWPEFFGSRKALAEKAVRGLRRARAAGVRTIVDVSTFDLGRDVSLLAEVSRAADVHIVAATGLWLDPPLSMRLRSVEELTQFFLREIQYGIEDTGIRAGIIKVATTGKVTPFQELVLRAAARASLATGVPVTTHTAASQRGGEQQAAIFESEGLSPSRVCIGHSDDTDDLSYLTALAARGYLIGLDHIPHSAIGLEDNASASAFLGIRSWQTRALLIKALIDQGYMKQILVSNDWLFGFSSYVTNFMDVMDSVNPDGMAFIPLRVIPFLREKGIPQETLAGITVTNPARFLSPTLRAS,0.000296498
MQTRRVVLKSAAAAGTLLGGLAGCASVAGSIGTGDRINTVRGPITISEAGFTLTHEHICGSSAGFLRAWPEFFGSRKALAEKAVRGLRRARAAGVRTIVDVSTFDLGRDVSLLAEVSRAADVHIVAATGLWLDPPLSMRLRSVEELTQFFLREIQYGIEDTGIRAGIIKVATTGKVTPFQELVLRAAARASLATGVPVTTHTAASQRGGEQQAAIFESEGLSPSRVCIGHSDDTDDLSYLTALAARGYLIGLDHIPHSAIGLEDNASASALMGIRSWQTRALLIKALIDQGYMKQILVSNDWLFGISSYVTNIMDVMDSVNPDGMAFIPLRVIPFLREKGIPQETLAGITVTNPARFLSPTLRAS,0.01082379
MQTRRVVLKSAAAAGTLLGGLAGCASVAGSIGTGDRINTVRGPITISEAGFTLTHEHICGSSAGFLRAWPEFFGSRKALAEKAVRGLRRARAAGVRTIVDVSTFDLGRDVSLLAEVSRAADVHIVAATGLWLDPPLSMRLRSVEELTQFFLREIQYGIEDTGIRAGIIKVATTGKVTPFQELVLRAAARASLATGVPVTTHTAASQRGGEQQAAIFESEGLSPSRVCIGHSDDTDDLSYLTALAARGYLIGLDHIPHSAIGLEDNASASALMGIRSWQTRALLIKALIDQGYMKQILVSNDWLFGFSSYVTNFMDVMDSVNPDGMAFIPLRVIPFLREKGIPQETLAGITVTNPARFLSPTLRAS,0.00109087
MQTRRVVLKSAAAAGTLLGGLAGCASVAGSIGTGDRINTVRGPITISEAGFTLTHEHICGSSAGFLRAWPEFFGSRKALAEKAVRGLRRARAAGVRTIVDVSTFDLGRDVSLLAEVSRAADVHIVAATGLWLDPPLSMRLRSVEELTQFFLREIQYGIEDTGIRAGIIKVATTGKVTPFQELVLRAAARASLATGVPVTTHTAASQRGGEQQAAIFESEGLSPSRVCIGHSDDTDDLSYLTALAARGYLIGLDHIPHSAIGLEDNASASALLGIRSWQTRALLIKALIDQGYMKQILVSNDWLFGISSYVTNFMDVMDSVNPDGMAFIPLRVIPFLREKGIPQETLAGITVTNPARFLSPTLRAS,0.002276861
MQTRRVVLKSAAAAGTLLGGLAGCASVAGSIGTGDRINTVRGPITISEAGFTLTHEHICGSSAGFLRAWPEFFGSRKALAEKAVRGLRRARAAGVRTIVDVSTFDLGRDVSLLAEVSRAADVHIVAATGLWLDPPLSMRLRSVEELTQFFLREIQYGIEDTGIRAGIIKVATTGKVTPFQELVLRAAARASLATGVPVTTHTAASQRGGEQQAAIFESEGLSPSRVCIGHSDETDDLSYLTALAARGYLIGLDRIPHSAIGLEDNASASAFLGIRSWQTRALLIKALIDQGYMKQILVSNDWLFGFSSYVTNIMDVMDSVNPDGMAFIPLRVIPFLREKGIPQETLAGITVTNPARFLSPTLRAS,0.116730544
MQTRRVVLKSAAAAGTLLGGLAGCASVAGSIGTGDRINTVRGPITISEAGFTLTHEHICGSSAGFLRAWPEFFGSRKALAEKAVRGLRRARAAGVRTIVDVSTFDLGRDVSLLAEVSRAADVHIVAATGLWLDPPLSMRLRSVEELTQFFLREIQYGIEDTGIRAGIIKVATTGKVTPFQELVLRAAARASLATGVPVTTHTAASQRGGEQQAAIFESEGLSPSRVCIGHSDETDDLSYLTALAARGYLIGLDRIPHSAIGLEDNASASALMGIRSWQTRALLIKALIDQGYMKQILVSNDWLFGFSSYVTNIMDVMDSVNPDGMAFIPLRVIPFLREKGIPQETLAGITVTNPARFLSPTLRAS,0.379060023
MQTRRVVLKSAAAAGTLLGGLAGCASVAGSIGTGDRINTVRGPITISEAGFTLTHEHICGSSAGFLRAWPEFFGSRKALAEKAVRGLRRARAAGVRTIVDVSTFDLGRDVSLLAEVSRAADVHIVAATGLWLDPPLSMRLRSVEELTQFFLREIQYGIEDTGIRAGIIKVATTGKVTPFQELVLRAAARASLATGVPVTTHTAASQRGGEQQAAIFESEGLSPSRVCIGHSDETDDLSYLTALAARGYLIGLDRIPHSAIGLEDNASASALLGIRSWQTRALLIKALIDQGYMKQILVSNDWLFGISSYVTNIMDVMDSVNPDGMAFIPLRVIPFLREKGIPQETLAGITVTNPARFLSPTLRAS,0.488407357
MQTRRVVLKSAAAAGTLLGGLAGCASVAGSIGTGDRINTVRGPITISEAGFTLTHEHICGSSAGFLRAWPEFFGSRKALAEKAVRGLRRARAAGVRTIVDVSTFDLGRDVSLLAEVSRAADVHIVAATGLWLDPPLSMRLRSVEELTQFFLREIQYGIEDTGIRAGIIKVATTGKVTPFQELVLRAAARASLATGVPVTTHTAASQRGGEQQAAIFESEGLSPSRVCIGHSDETDDLSYLTALAARGYLIGLDRIPHSAIGLEDNASASALLGIRSWQTRALLIKALIDQGYMKQILVSNDWLFGFSSYVTNFMDVMDSVNPDGMAFIPLRVIPFLREKGIPQETLAGITVTNPARFLSPTLRAS,0.071535756
MQTRRVVLKSAAAAGTLLGGLAGCASVAGSIGTGDRINTVRGPITISEAGFTLTHEHICGSSAGFLRAWPEFFGSRKALAEKAVRGLRRARAAGVRTIVDVSTFDLGRDVSLLAEVSRAADVHIVAATGLWLDPPLSMRLRSVEELTQFFLREIQYGIEDTGIRAGIIKVATTGKVTPFQELVLRAAARASLATGVPVTTHTAASQRGGEQQAAIFESEGLSPSRVCIGHSDETDDLSYLTALAARGYLIGLDHIPHSAIGLEDNASASAFMGIRSWQTRALLIKALIDQGYMKQILVSNDWLFGFSSYVTNIMDVMDSVNPDGMAFIPLRVIPFLREKGIPQETLAGITVTNPARFLSPTLRAS,0.001724698
MQTRRVVLKSAAAAGTLLGGLAGCASVAGSIGTGDRINTVRGPITISEAGFTLTHEHICGSSAGFLRAWPEFFGSRKALAEKAVRGLRRARAAGVRTIVDVSTFDLGRDVSLLAEVSRAADVHIVAATGLWLDPPLSMRLRSVEELTQFFLREIQYGIEDTGIRAGIIKVATTGKVTPFQELVLRAAARASLATGVPVTTHTAASQRGGEQQAAIFESEGLSPSRVCIGHSDETDDLSYLTALAARGYLIGLDHIPHSAIGLEDNASASAFLGIRSWQTRALLIKALIDQGYMKQILVSNDWLFGISSYVTNIMDVMDSVNPDGMAFIPLRVIPFLREKGIPQETLAGITVTNPARFLSPTLRAS,0.021785853
MQTRRVVLKSAAAAGTLLGGLAGCASVAGSIGTGDRINTVRGPITISEAGFTLTHEHICGSSAGFLRAWPEFFGSRKALAEKAVRGLRRARAAGVRTIVDVSTFDLGRDVSLLAEVSRAADVHIVAATGLWLDPPLSMRLRSVEELTQFFLREIQYGIEDTGIRAGIIKVATTGKVTPFQELVLRAAARASLATGVPVTTHTAASQRGGEQQAAIFESEGLSPSRVCIGHSDETDDLSYLTALAARGYLIGLDHIPHSAIGLEDNASASAFLGIRSWQTRALLIKALIDQGYMKQILVSNDWLFGFSSYVTNFMDVMDSVNPDGMAFIPLRVIPFLREKGIPQETLAGITVTNPARFLSPTLRAS,0.001457896
MQTRRVVLKSAAAAGTLLGGLAGCASVAGSIGTGDRINTVRGPITISEAGFTLTHEHICGSSAGFLRAWPEFFGSRKALAEKAVRGLRRARAAGVRTIVDVSTFDLGRDVSLLAEVSRAADVHIVAATGLWLDPPLSMRLRSVEELTQFFLREIQYGIEDTGIRAGIIKVATTGKVTPFQELVLRAAARASLATGVPVTTHTAASQRGGEQQAAIFESEGLSPSRVCIGHSDETDDLSYLTALAARGYLIGLDHIPHSAIGLEDNASASALMGIRSWQTRALLIKALIDQGYMKQILVSNDWLFGISSYVTNIMDVMDSVNPDGMAFIPLRVIPFLREKGIPQETLAGITVTNPARFLSPTLRAS,0.021435067
MQTRRVVLKSAAAAGTLLGGLAGCASVAGSIGTGDRINTVRGPITISEAGFTLTHEHICGSSAGFLRAWPEFFGSRKALAEKAVRGLRRARAAGVRTIVDVSTFDLGRDVSLLAEVSRAADVHIVAATGLWLDPPLSMRLRSVEELTQFFLREIQYGIEDTGIRAGIIKVATTGKVTPFQELVLRAAARASLATGVPVTTHTAASQRGGEQQAAIFESEGLSPSRVCIGHSDETDDLSYLTALAARGYLIGLDHIPHSAIGLEDNASASALMGIRSWQTRALLIKALIDQGYMKQILVSNDWLFGFSSYVTNFMDVMDSVNPDGMAFIPLRVIPFLREKGIPQETLAGITVTNPARFLSPTLRAS,0.00144444
MQTRRVVLKSAAAAGTLLGGLAGCASVAGSIGTGDRINTVRGPITISEAGFTLTHEHICGSSAGFLRAWPEFFGSRKALAEKAVRGLRRARAAGVRTIVDVSTFDLGRDVSLLAEVSRAADVHIVAATGLWLDPPLSMRLRSVEELTQFFLREIQYGIEDTGIRAGIIKVATTGKVTPFQELVLRAAARASLATGVPVTTHTAASQRGGEQQAAIFESEGLSPSRVCIGHSDETDDLSYLTALAARGYLIGLDHIPHSAIGLEDNASASALLGIRSWQTRALLIKALIDQGYMKQILVSNDWLFGISSYVTNFMDVMDSVNPDGMAFIPLRVIPFLREKGIPQETLAGITVTNPARFLSPTLRAS,0.010803374
MQTRRVVLKSAAAAGTLLGGLAGCASVAGSIGTGDRINTVRGPITISEAGFTLTHEHICGSSAGFLRAWPEFFGSRKALAEKAVRGLRRARAAGVRTIVDVSTFDLGRDVSLLAEVSRAADVHIVAATGLWLDPPLSMRLRSVEELTQFFLREIQYGIEDTGIRAGIIKVATTGKVTPFQELVLRAAARASLATGVPVTTHTAASQRGGEQQAAIFESEGLSPSRVCIGHSDDTDDLSYLTALAARGYLIGLDRIPHSAIGLEDNASASAFMGIRSWQTRALLIKALIDQGYMKQILVSNDWLFGFSSYVTNIMDVMDSVNPDGMAFIPLRVIPFLREKGIPQETLAGITVTNPARFLSPTLRAS,0.011172256
MQTRRVVLKSAAAAGTLLGGLAGCASVAGSIGTGDRINTVRGPITISEAGFTLTHEHICGSSAGFLRAWPEFFGSRKALAEKAVRGLRRARAAGVRTIVDVSTFDLGRDVSLLAEVSRAADVHIVAATGLWLDPPLSMRLRSVEELTQFFLREIQYGIEDTGIRAGIIKVATTGKVTPFQELVLRAAARASLATGVPVTTHTAASQRGGEQQAAIFESEGLSPSRVCIGHSDDTDDLSYLTALAARGYLIGLDRIPHSAIGLEDNASASAFLGIRSWQTRALLIKALIDQGYMKQILVSNDWLFGISSYVTNIMDVMDSVNPDGMAFIPLRVIPFLREKGIPQETLAGITVTNPARFLSPTLRAS,0.060336124
MQTRRVVLKSAAAAGTLLGGLAGCASVAGSIGTGDRINTVRGPITISEAGFTLTHEHICGSSAGFLRAWPEFFGSRKALAEKAVRGLRRARAAGVRTIVDVSTFDLGRDVSLLAEVSRAADVHIVAATGLWLDPPLSMRLRSVEELTQFFLREIQYGIEDTGIRAGIIKVATTGKVTPFQELVLRAAARASLATGVPVTTHTAASQRGGEQQAAIFESEGLSPSRVCIGHSDDTDDLSYLTALAARGYLIGLDRIPHSAIGLEDNASASAFLGIRSWQTRALLIKALIDQGYMKQILVSNDWLFGFSSYVTNFMDVMDSVNPDGMAFIPLRVIPFLREKGIPQETLAGITVTNPARFLSPTLRAS,0.004095752
MQTRRVVLKSAAAAGTLLGGLAGCASVAGSIGTGDRINTVRGPITISEAGFTLTHEHICGSSAGFLRAWPEFFGSRKALAEKAVRGLRRARAAGVRTIVDVSTFDLGRDVSLLAEVSRAADVHIVAATGLWLDPPLSMRLRSVEELTQFFLREIQYGIEDTGIRAGIIKVATTGKVTPFQELVLRAAARASLATGVPVTTHTAASQRGGEQQAAIFESEGLSPSRVCIGHSDDTDDLSYLTALAARGYLIGLDRIPHSAIGLEDNASASALMGIRSWQTRALLIKALIDQGYMKQILVSNDWLFGISSYVTNIMDVMDSVNPDGMAFIPLRVIPFLREKGIPQETLAGITVTNPARFLSPTLRAS,0.246339483
MQTRRVVLKSAAAAGTLLGGLAGCASVAGSIGTGDRINTVRGPITISEAGFTLTHEHICGSSAGFLRAWPEFFGSRKALAEKAVRGLRRARAAGVRTIVDVSTFDLGRDVSLLAEVSRAADVHIVAATGLWLDPPLSMRLRSVEELTQFFLREIQYGIEDTGIRAGIIKVATTGKVTPFQELVLRAAARASLATGVPVTTHTAASQRGGEQQAAIFESEGLSPSRVCIGHSDDTDDLSYLTALAARGYLIGLDRIPHSAIGLEDNASASALMGIRSWQTRALLIKALIDQGYMKQILVSNDWLFGFSSYVTNFMDVMDSVNPDGMAFIPLRVIPFLREKGIPQETLAGITVTNPARFLSPTLRAS,0.01429685
MQTRRVVLKSAAAAGTLLGGLAGCASVAGSIGTGDRINTVRGPITISEAGFTLTHEHICGSSAGFLRAWPEFFGSRKALAEKAVRGLRRARAAGVRTIVDVSTFDLGRDVSLLAEVSRAADVHIVAATGLWLDPPLSMRLRSVEELTQFFLREIQYGIEDTGIRAGIIKVATTGKVTPFQELVLRAAARASLATGVPVTTHTAASQRGGEQQAAIFESEGLSPSRVCIGHSDDTDDLSYLTALAARGYLIGLDRIPHSAIGLEDNASASALLGIRSWQTRALLIKALIDQGYMKQILVSNDWLFGISSYVTNFMDVMDSVNPDGMAFIPLRVIPFLREKGIPQETLAGITVTNPARFLSPTLRAS,0.028701813
MQTRRVVLKSAAAAGTLLGGLAGCASVAGSIGTGDRINTVRGPITISEAGFTLTHEHICGSSAGFLRAWPEFFGSRKALAEKAVRGLRRARAAGVRTIVDVSTFDLGRDVSLLAEVSRAADVHIVAATGLWLDPPLSMRLRSVEELTQFFLREIQYGIEDTGIRAGIIKVATTGKVTPFQELVLRAAARASLATGVPVTTHTAASQRGGEQQAAIFESEGLSPSRVCIGHSDDTDDLSYLTALAARGYLIGLDHIPHSAIGLEDNASASAFMGIRSWQTRALLIKALIDQGYMKQILVSNDWLFGISSYVTNIMDVMDSVNPDGMAFIPLRVIPFLREKGIPQETLAGITVTNPARFLSPTLRAS,0.010083242
MQTRRVVLKSAAAAGTLLGGLAGCASVAGSIGTGDRINTVRGPITISEAGFTLTHEHICGSSAGFLRAWPEFFGSRKALAEKAVRGLRRARAAGVRTIVDVSTFDLGRDVSLLAEVSRAADVHIVAATGLWLDPPLSMRLRSVEELTQFFLREIQYGIEDTGIRAGIIKVATTGKVTPFQELVLRAAARASLATGVPVTTHTAASQRGGEQQAAIFESEGLSPSRVCIGHSDDTDDLSYLTALAARGYLIGLDHIPHSAIGLEDNASASAFMGIRSWQTRALLIKALIDQGYMKQILVSNDWLFGFSSYVTNFMDVMDSVNPDGMAFIPLRVIPFLREKGIPQETLAGITVTNPARFLSPTLRAS,0.000544275
MQTRRVVLKSAAAAGTLLGGLAGCASVAGSIGTGDRINTVRGPITISEAGFTLTHEHICGSSAGFLRAWPEFFGSRKALAEKAVRGLRRARAAGVRTIVDVSTFDLGRDVSLLAEVSRAADVHIVAATGLWLDPPLSMRLRSVEELTQFFLREIQYGIEDTGIRAGIIKVATTGKVTPFQELVLRAAARASLATGVPVTTHTAASQRGGEQQAAIFESEGLSPSRVCIGHSDDTDDLSYLTALAARGYLIGLDHIPHSAIGLEDNASASAFLGIRSWQTRALLIKALIDQGYMKQILVSNDWLFGISSYVTNFMDVMDSVNPDGMAFIPLRVIPFLREKGIPQETLAGITVTNPARFLSPTLRAS,0.019822194
MQTRRVVLKSAAAAGTLLGGLAGCASVAGSIGTGDRINTVRGPITISEAGFTLTHEHICGSSAGFLRAWPEFFGSRKALAEKAVRGLRRARAAGVRTIVDVSTFDLGRDVSLLAEVSRAADVHIVAATGLWLDPPLSMRLRSVEELTQFFLREIQYGIEDTGIRAGIIKVATTGKVTPFQELVLRAAARASLATGVPVTTHTAASQRGGEQQAAIFESEGLSPSRVCIGHSDDTDDLSYLTALAARGYLIGLDHIPHSAIGLEDNASASALMGIRSWQTRALLIKALIDQGYMKQILVSNDWLFGISSYVTNFMDVMDSVNPDGMAFIPLRVIPFLREKGIPQETLAGITVTNPARFLSPTLRAS,0.006662614
MQTRRVVLKSAAAAGTLLGGLAGCASVAGSIGTGDRINTVRGPITISEAGFTLTHEHICGSSAGFLRAWPEFFGSRKALAEKAVRGLRRARAAGVRTIVDVSTFDLGRDVSLLAEVSRAADVHIVAATGLWLDPPLSMRLRSVEELTQFFLREIQYGIEDTGIRAGIIKVATTGKVTPFQELVLRAAARASLATGVPVTTHTAASQRGGEQQAAIFESEGLSPSRVCIGHSDETDDLSYLTALAARGYLIGLDRIPHSAIGLEDNASASAFMGIRSWQTRALLIKALIDQGYMKQILVSNDWLFGFSSYVTNIMDVMDSVNPDGMAFIPLRVIPFLREKGIPQETLAGITVTNPARFLSPTLRAS,0.292530949
MQTRRVVLKSAAAAGTLLGGLAGCASVAGSIGTGDRINTVRGPITISEAGFTLTHEHICGSSAGFLRAWPEFFGSRKALAEKAVRGLRRARAAGVRTIVDVSTFDLGRDVSLLAEVSRAADVHIVAATGLWLDPPLSMRLRSVEELTQFFLREIQYGIEDTGIRAGIIKVATTGKVTPFQELVLRAAARASLATGVPVTTHTAASQRGGEQQAAIFESEGLSPSRVCIGHSDETDDLSYLTALAARGYLIGLDRIPHSAIGLEDNASASAFLGIRSWQTRALLIKALIDQGYMKQILVSNDWLFGISSYVTNIMDVMDSVNPDGMAFIPLRVIPFLREKGIPQETLAGITVTNPARFLSPTLRAS,0.808301936
MQTRRVVLKSAAAAGTLLGGLAGCASVAGSIGTGDRINTVRGPITISEAGFTLTHEHICGSSAGFLRAWPEFFGSRKALAEKAVRGLRRARAAGVRTIVDVSTFDLGRDVSLLAEVSRAADVHIVAATGLWLDPPLSMRLRSVEELTQFFLREIQYGIEDTGIRAGIIKVATTGKVTPFQELVLRAAARASLATGVPVTTHTAASQRGGEQQAAIFESEGLSPSRVCIGHSDETDDLSYLTALAARGYLIGLDRIPHSAIGLEDNASASAFLGIRSWQTRALLIKALIDQGYMKQILVSNDWLFGFSSYVTNFMDVMDSVNPDGMAFIPLRVIPFLREKGIPQETLAGITVTNPARFLSPTLRAS,0.314389651
MQTRRVVLKSAAAAGTLLGGLAGCASVAGSIGTGDRINTVRGPITISEAGFTLTHEHICGSSAGFLRAWPEFFGSRKALAEKAVRGLRRARAAGVRTIVDVSTFDLGRDVSLLAEVSRAADVHIVAATGLWLDPPLSMRLRSVEELTQFFLREIQYGIEDTGIRAGIIKVATTGKVTPFQELVLRAAARASLATGVPVTTHTAASQRGGEQQAAIFESEGLSPSRVCIGHSDETDDLSYLTALAARGYLIGLDRIPHSAIGLEDNASASALMGIRSWQTRALLIKALIDQGYMKQILVSNDWLFGISSYVTNIMDVMDSVNPDGMAFIPLRVIPFLREKGIPQETLAGITVTNPARFLSPTLRAS,0.607063049
MQTRRVVLKSAAAAGTLLGGLAGCASVAGSIGTGDRINTVRGPITISEAGFTLTHEHICGSSAGFLRAWPEFFGSRKALAEKAVRGLRRARAAGVRTIVDVSTFDLGRDVSLLAEVSRAADVHIVAATGLWLDPPLSMRLRSVEELTQFFLREIQYGIEDTGIRAGIIKVATTGKVTPFQELVLRAAARASLATGVPVTTHTAASQRGGEQQAAIFESEGLSPSRVCIGHSDETDDLSYLTALAARGYLIGLDRIPHSAIGLEDNASASALMGIRSWQTRALLIKALIDQGYMKQILVSNDWLFGFSSYVTNFMDVMDSVNPDGMAFIPLRVIPFLREKGIPQETLAGITVTNPARFLSPTLRAS,0.224848735
MQTRRVVLKSAAAAGTLLGGLAGCASVAGSIGTGDRINTVRGPITISEAGFTLTHEHICGSSAGFLRAWPEFFGSRKALAEKAVRGLRRARAAGVRTIVDVSTFDLGRDVSLLAEVSRAADVHIVAATGLWLDPPLSMRLRSVEELTQFFLREIQYGIEDTGIRAGIIKVATTGKVTPFQELVLRAAARASLATGVPVTTHTAASQRGGEQQAAIFESEGLSPSRVCIGHSDETDDLSYLTALAARGYLIGLDRIPHSAIGLEDNASASALLGIRSWQTRALLIKALIDQGYMKQILVSNDWLFGISSYVTNFMDVMDSVNPDGMAFIPLRVIPFLREKGIPQETLAGITVTNPARFLSPTLRAS,0.301053286
MQTRRVVLKSAAAAGTLLGGLAGCASVAGSIGTGDRINTVRGPITISEAGFTLTHEHICGSSAGFLRAWPEFFGSRKALAEKAVRGLRRARAAGVRTIVDVSTFDLGRDVSLLAEVSRAADVHIVAATGLWLDPPLSMRLRSVEELTQFFLREIQYGIEDTGIRAGIIKVATTGKVTPFQELVLRAAARASLATGVPVTTHTAASQRGGEQQAAIFESEGLSPSRVCIGHSDETDDLSYLTALAARGYLIGLDHIPHSAIGLEDNASASAFMGIRSWQTRALLIKALIDQGYMKQILVSNDWLFGISSYVTNIMDVMDSVNPDGMAFIPLRVIPFLREKGIPQETLAGITVTNPARFLSPTLRAS,0.02252037
MQTRRVVLKSAAAAGTLLGGLAGCASVAGSIGTGDRINTVRGPITISEAGFTLTHEHICGSSAGFLRAWPEFFGSRKALAEKAVRGLRRARAAGVRTIVDVSTFDLGRDVSLLAEVSRAADVHIVAATGLWLDPPLSMRLRSVEELTQFFLREIQYGIEDTGIRAGIIKVATTGKVTPFQELVLRAAARASLATGVPVTTHTAASQRGGEQQAAIFESEGLSPSRVCIGHSDETDDLSYLTALAARGYLIGLDHIPHSAIGLEDNASASAFMGIRSWQTRALLIKALIDQGYMKQILVSNDWLFGFSSYVTNFMDVMDSVNPDGMAFIPLRVIPFLREKGIPQETLAGITVTNPARFLSPTLRAS,0.001645353
MQTRRVVLKSAAAAGTLLGGLAGCASVAGSIGTGDRINTVRGPITISEAGFTLTHEHICGSSAGFLRAWPEFFGSRKALAEKAVRGLRRARAAGVRTIVDVSTFDLGRDVSLLAEVSRAADVHIVAATGLWLDPPLSMRLRSVEELTQFFLREIQYGIEDTGIRAGIIKVATTGKVTPFQELVLRAAARASLATGVPVTTHTAASQRGGEQQAAIFESEGLSPSRVCIGHSDETDDLSYLTALAARGYLIGLDHIPHSAIGLEDNASASAFLGIRSWQTRALLIKALIDQGYMKQILVSNDWLFGISSYVTNFMDVMDSVNPDGMAFIPLRVIPFLREKGIPQETLAGITVTNPARFLSPTLRAS,0.072140816
MQTRRVVLKSAAAAGTLLGGLAGCASVAGSIGTGDRINTVRGPITISEAGFTLTHEHICGSSAGFLRAWPEFFGSRKALAEKAVRGLRRARAAGVRTIVDVSTFDLGRDVSLLAEVSRAADVHIVAATGLWLDPPLSMRLRSVEELTQFFLREIQYGIEDTGIRAGIIKVATTGKVTPFQELVLRAAARASLATGVPVTTHTAASQRGGEQQAAIFESEGLSPSRVCIGHSDETDDLSYLTALAARGYLIGLDHIPHSAIGLEDNASASALMGIRSWQTRALLIKALIDQGYMKQILVSNDWLFGISSYVTNFMDVMDSVNPDGMAFIPLRVIPFLREKGIPQETLAGITVTNPARFLSPTLRAS,0.001383656
MQTRRVVLKSAAAAGTLLGGLAGCASVAGSIGTGDRINTVRGPITISEAGFTLTHEHICGSSAGFLRAWPEFFGSRKALAEKAVRGLRRARAAGVRTIVDVSTFDLGRDVSLLAEVSRAADVHIVAATGLWLDPPLSMRLRSVEELTQFFLREIQYGIEDTGIRAGIIKVATTGKVTPFQELVLRAAARASLATGVPVTTHTAASQRGGEQQAAIFESEGLSPSRVCIGHSDDTDDLSYLTALAARGYLIGLDHIPHSAIGLEDNASASAFMGIRSWQTRALLIKALIDQGYMKQILVSNDWLFGISSYVTNFMDVMDSVNPDGMAFIPLRVIPFLREKGIPQETLAGITVTNPARFLSPTLRAS,0.022366785
MQTRRVVLKSAAAAGTLLGGLAGCASVAGSIGTGDRINTVRGPITISEAGFTLTHEHICGSSAGFLRAWPEFFGSRKALAEKAVRGLRRARAAGVRTIVDVSTFDLGRDVSLLAEVSRAADVHIVAATGLWLDPPLSMRLRSVEELTQFFLREIQYGIEDTGIRAGIIKVATTGKVTPFQELVLRAAARASLATGVPVTTHTAASQRGGEQQAAIFESEGLSPSRVCIGHSDDTDDLSYLTALAARGYLIGLDRIPHSAIGLEDNASASALMGIRSWQTRALLIKALIDQGYMKQILVSNDWLFGISSYVTNFMDVMDSVNPDGMAFIPLRVIPFLREKGIPQETLAGITVTNPARFLSPTLRAS,0.199875647
MQTRRVVLKSAAAAGTLLGGLAGCASVAGSIGTGDRINTVRGPITISEAGFTLTHEHICGSSAGFLRAWPEFFGSRKALAEKAVRGLRRARAAGVRTIVDVSTFDLGRDVSLLAEVSRAADVHIVAATGLWLDPPLSMRLRSVEELTQFFLREIQYGIEDTGIRAGIIKVATTGKVTPFQELVLRAAARASLATGVPVTTHTAASQRGGEQQAAIFESEGLSPSRVCIGHSDDTDDLSYLTALAARGYLIGLDRIPHSAIGLEDNASASAFMGIRSWQTRALLIKALIDQGYMKQILVSNDWLFGISSYVTNIMDVMDSVNPDGMAFIPLRVIPFLREKGIPQETLAGITVTNPARFLSPTLRAS,0.41417389
MQTRRVVLKSAAAAGTLLGGLAGCASVAGSIGTGDRINTVRGPITISEAGFTLTHEHICGSSAGFLRAWPEFFGSRKALAEKAVRGLRRARAAGVRTIVDVSTFDLGRDVSLLAEVSRAADVHIVAATGLWLDPPLSMRLRSVEELTQFFLREIQYGIEDTGIRAGIIKVATTGKVTPFQELVLRAAARASLATGVPVTTHTAASQRGGEQQAAIFESEGLSPSRVCIGHSDDTDDLSYLTALAARGYLIGLDRIPHSAIGLEDNASASAFMGIRSWQTRALLIKALIDQGYMKQILVSNDWLFGFSSYVTNFMDVMDSVNPDGMAFIPLRVIPFLREKGIPQETLAGITVTNPARFLSPTLRAS,0.018320218
MQTRRVVLKSAAAAGTLLGGLAGCASVAGSIGTGDRINTVRGPITISEAGFTLTHEHICGSSAGFLRAWPEFFGSRKALAEKAVRGLRRARAAGVRTIVDVSTFDLGRDVSLLAEVSRAADVHIVAATGLWLDPPLSMRLRSVEELTQFFLREIQYGIEDTGIRAGIIKVATTGKVTPFQELVLRAAARASLATGVPVTTHTAASQRGGEQQAAIFESEGLSPSRVCIGHSDDTDDLSYLTALAARGYLIGLDRIPHSAIGLEDNASASAFLGIRSWQTRALLIKALIDQGYMKQILVSNDWLFGISSYVTNFMDVMDSVNPDGMAFIPLRVIPFLREKGIPQETLAGITVTNPARFLSPTLRAS,0.185157019
MQTRRVVLKSAAAAGTLLGGLAGCASVAGSIGTGDRINTVRGPITISEAGFTLTHEHICGSSAGFLRAWPEFFGSRKALAEKAVRGLRRARAAGVRTIVDVSTFDLGRDVSLLAEVSRAADVHIVAATGLWLDPPLSMRLRSVEELTQFFLREIQYGIEDTGIRAGIIKVATTGKVTPFQELVLRAAARASLATGVPVTTHTAASQRGGEQQAAIFESEGLSPSRVCIGHSDDTDDLSYLTALAARGYLIGLDRIPHSAIGLEDNASASAFMGIRSWQTRALLIKALIDQGYMKQILVSNDWLFGISSYVTNFMDVMDSVNPDGMAFIPLRVIPFLREKGIPQETLAGITVTNPARFLSPTLRAS,0.546765901
MQTRRVVLKSAAAAGTLLGGLAGCASVAGSIGTGDRINTVRGPITISEAGFTLTHEHICGSSAGFLRAWPEFFGSRKALAEKAVRGLRRARAAGVRTIVDVSTFDLGRDVSLLAEVSRAADVHIVAATGLWLDPPLSMRLRSVEELTQFFLREIQYGIEDTGIRAGIIKVATTGKVTPFQELVLRAAARASLATGVPVTTHTAASQRGGEQQAAIFESEGLSPSRVCIGHSDETDDLSYLTALAARGYLIGLDHIPHSAIGLEDNASASAFMGIRSWQTRALLIKALIDQGYMKQILVSNDWLFGISSYVTNFMDVMDSVNPDGMAFIPLRVIPFLREKGIPQETLAGITVTNPARFLSPTLRAS,0.048161621
MQTRRVVLKSAAAAGTLLGGLAGCASVAGSIGTGDRINTVRGPITISEAGFTLTHEHICGSSAGFLRAWPEFFGSRKALAEKAVRGLRRARAAGVRTIVDVSTFDLGRDVSLLAEVSRAADVHIVAATGLWLDPPLSMRLRSVEELTQFFLREIQYGIEDTGIRAGIIKVATTGKVTPFQELVLRAAARASLATGVPVTTHTAASQRGGEQQAAIFESEGLSPSRVCIGHSDETDDLSYLTALAARGYLIGLDRIPHSAIGLEDNASASALMGIRSWQTRALLIKALIDQGYMKQILVSNDWLFGISSYVTNFMDVMDSVNPDGMAFIPLRVIPFLREKGIPQETLAGITVTNPARFLSPTLRAS,0.466057276
MQTRRVVLKSAAAAGTLLGGLAGCASVAGSIGTGDRINTVRGPITISEAGFTLTHEHICGSSAGFLRAWPEFFGSRKALAEKAVRGLRRARAAGVRTIVDVSTFDLGRDVSLLAEVSRAADVHIVAATGLWLDPPLSMRLRSVEELTQFFLREIQYGIEDTGIRAGIIKVATTGKVTPFQELVLRAAARASLATGVPVTTHTAASQRGGEQQAAIFESEGLSPSRVCIGHSDETDDLSYLTALAARGYLIGLDRIPHSAIGLEDNASASAFLGIRSWQTRALLIKALIDQGYMKQILVSNDWLFGISSYVTNFMDVMDSVNPDGMAFIPLRVIPFLREKGIPQETLAGITVTNPARFLSPTLRAS,0.585404332
MQTRRVVLKSAAAAGTLLGGLAGCASVAGSIGTGDRINTVRGPITISEAGFTLTHEHICGSSAGFLRAWPEFFGSRKALAEKAVRGLRRARAAGVRTIVDVSTFDLGRDVSLLAEVSRAADVHIVAATGLWLDPPLSMRLRSVEELTQFFLREIQYGIEDTGIRAGIIKVATTGKVTPFQELVLRAAARASLATGVPVTTHTAASQRGGEQQAAIFESEGLSPSRVCIGHSDETDDLSYLTALAARGYLIGLDRIPHSAIGLEDNASASAFMGIRSWQTRALLIKALIDQGYMKQILVSNDWLFGFSSYVTNFMDVMDSVNPDGMAFIPLRVIPFLREKGIPQETLAGITVTNPARFLSPTLRAS,0.59200245
MQTRRVVLKSAAAAGTLLGGLAGCASVAGSIGTGDRINTVRGPITISEAGFTLTHEHICGSSAGFLRAWPEFFGSRKALAEKAVRGLRRARAAGVRTIVDVSTFDLGRDVSLLAEVSRAADVHIVAATGLWLDPPLSMRLRSVEELTQFFLREIQYGIEDTGIRAGIIKVATTGKVTPFQELVLRAAARASLATGVPVTTHTAASQRGGEQQAAIFESEGLSPSRVCIGHSDETDDLSYLTALAARGYLIGLDRIPHSAIGLEDNASASAFMGIRSWQTRALLIKALIDQGYMKQILVSNDWLFGISSYVTNIMDVMDSVNPDGMAFIPLRVIPFLREKGIPQETLAGITVTNPARFLSPTLRAS,0.735307355
MQTRRVVLKSAAAAGTLLGGLAGCASVAGSIGTGDRINTVRGPITISEAGFTLTHEHICGSSAGFLRAWPEFFGSRKALAEKAVRGLRRARAAGVRTIVDVSTFDLGRDVSLLAEVSRAADVHIVAATGLWLDPPLSMRLRSVEELTQFFLREIQYGIEDTGIRAGIIKVATTGKVTPFQELVLRAAARASLATGVPVTTHTAASQRGGEQQAAIFESEGLSPSRVCIGHSDETDDLSYLTALAARGYLIGLDRIPHSAIGLEDNASASAFMGIRSWQTRALLIKALIDQGYMKQILVSNDWLFGISSYVTNFMDVMDSVNPDGMAFIPLRVIPFLREKGIPQETLAGITVTNPARFLSPTLRAS,0.463239852