sequence,binary_sequence,plate_1_rep_1,plate_1_rep_2,plate_1_rep_3,plate_2_rep_1,plate_2_rep_2,plate_2_rep_3,plate_3_rep_1,plate_3_rep_2,plate_3_rep_3,fitness_mean,fitness_stdev
MQTRRVVLKSAAAAGTLLGGLAGCASVAGSIGTGDRINTVRGPITISEAGFTLTHEHICGSSAGFLRAWPEFFGSRKALAEKAVRGLRRARAAGVRTIVDVSTFDLGRDVSLLAEVSRAADVHIVAATGLWLDPPLSMRLRSVEELTQFFLREIQYGIEDTGIRAGIIKVATTGKVTPFQELVLRAAARASLATGVPVTTHTAASQRGGEQQAAIFESEGLSPSRVCIGHSDDTDDLSYLTALAARGYLIGLDHIPHSAIGLEDNASASALLGIRSWQTRALLIKALIDQGYMKQILVSNDWLFGFSSYVTNIMDVMDSVNPDGMAFIPLRVIPFLREKGIPQETLAGITVTNPARFLSPTLRAS,000000,0.00057505,0.000190454,0,0.00049887,0.000307439,0,0.000390642,0.000201764,0,0.000240469,0.000218869
MQTRRVVLKSAAAAGTLLGGLAGCASVAGSIGTGDRINTVRGPITISEAGFTLTHEHICGSSAGFLRAWPEFFGSRKALAEKAVRGLRRARAAGVRTIVDVSTFDLGRDVSLLAEVSRAADVHIVAATGLWLDPPLSMRLRSVEELTQFFLREIQYGIEDTGIRAGIIKVATTGKVTPFQELVLRAAARASLATGVPVTTHTAASQRGGEQQAAIFESEGLSPSRVCIGHSDETDDLSYLTALAARGYLIGLDHIPHSAIGLEDNASASALLGIRSWQTRALLIKALIDQGYMKQILVSNDWLFGFSSYVTNIMDVMDSVNPDGMAFIPLRVIPFLREKGIPQETLAGITVTNPARFLSPTLRAS,100000,0.002530222,0.002475898,0.002630824,0.002771499,0.002090584,0.002678341,0.002075287,0.001412346,0.001923038,0.00228756,0.000444667
MQTRRVVLKSAAAAGTLLGGLAGCASVAGSIGTGDRINTVRGPITISEAGFTLTHEHICGSSAGFLRAWPEFFGSRKALAEKAVRGLRRARAAGVRTIVDVSTFDLGRDVSLLAEVSRAADVHIVAATGLWLDPPLSMRLRSVEELTQFFLREIQYGIEDTGIRAGIIKVATTGKVTPFQELVLRAAARASLATGVPVTTHTAASQRGGEQQAAIFESEGLSPSRVCIGHSDDTDDLSYLTALAARGYLIGLDRIPHSAIGLEDNASASALLGIRSWQTRALLIKALIDQGYMKQILVSNDWLFGFSSYVTNIMDVMDSVNPDGMAFIPLRVIPFLREKGIPQETLAGITVTNPARFLSPTLRAS,010000,0.005290464,0.004150577,0.0035098,0.004255791,0.002951412,0.003525081,0.003554844,0.003011692,0.003339743,0.003732156,0.000731776
MQTRRVVLKSAAAAGTLLGGLAGCASVAGSIGTGDRINTVRGPITISEAGFTLTHEHICGSSAGFLRAWPEFFGSRKALAEKAVRGLRRARAAGVRTIVDVSTFDLGRDVSLLAEVSRAADVHIVAATGLWLDPPLSMRLRSVEELTQFFLREIQYGIEDTGIRAGIIKVATTGKVTPFQELVLRAAARASLATGVPVTTHTAASQRGGEQQAAIFESEGLSPSRVCIGHSDDTDDLSYLTALAARGYLIGLDHIPHSAIGLEDNASASAFLGIRSWQTRALLIKALIDQGYMKQILVSNDWLFGFSSYVTNIMDVMDSVNPDGMAFIPLRVIPFLREKGIPQETLAGITVTNPARFLSPTLRAS,1000,0.000498377,5.91063E-05,0.00039676,0.000344898,6.14878E-05,0.000360315,0.000341812,1.96843E-05,0.000276181,0.000262069,0.000172203
MQTRRVVLKSAAAAGTLLGGLAGCASVAGSIGTGDRINTVRGPITISEAGFTLTHEHICGSSAGFLRAWPEFFGSRKALAEKAVRGLRRARAAGVRTIVDVSTFDLGRDVSLLAEVSRAADVHIVAATGLWLDPPLSMRLRSVEELTQFFLREIQYGIEDTGIRAGIIKVATTGKVTPFQELVLRAAARASLATGVPVTTHTAASQRGGEQQAAIFESEGLSPSRVCIGHSDDTDDLSYLTALAARGYLIGLDHIPHSAIGLEDNASASALMGIRSWQTRALLIKALIDQGYMKQILVSNDWLFGFSSYVTNIMDVMDSVNPDGMAFIPLRVIPFLREKGIPQETLAGITVTNPARFLSPTLRAS,100,0.001220385,0.001162424,0.00140392,0.000979263,0.000731704,0.000876766,0.000893594,0.000561002,0.00104335,0.000985823,0.000257346
MQTRRVVLKSAAAAGTLLGGLAGCASVAGSIGTGDRINTVRGPITISEAGFTLTHEHICGSSAGFLRAWPEFFGSRKALAEKAVRGLRRARAAGVRTIVDVSTFDLGRDVSLLAEVSRAADVHIVAATGLWLDPPLSMRLRSVEELTQFFLREIQYGIEDTGIRAGIIKVATTGKVTPFQELVLRAAARASLATGVPVTTHTAASQRGGEQQAAIFESEGLSPSRVCIGHSDDTDDLSYLTALAARGYLIGLDHIPHSAIGLEDNASASALLGIRSWQTRALLIKALIDQGYMKQILVSNDWLFGISSYVTNIMDVMDSVNPDGMAFIPLRVIPFLREKGIPQETLAGITVTNPARFLSPTLRAS,10,0.017404861,0.020220926,0.017005744,0.015434171,0.016331148,0.015235316,0.010923332,0.012735719,0.012075244,0.01526294,0.002931689
MQTRRVVLKSAAAAGTLLGGLAGCASVAGSIGTGDRINTVRGPITISEAGFTLTHEHICGSSAGFLRAWPEFFGSRKALAEKAVRGLRRARAAGVRTIVDVSTFDLGRDVSLLAEVSRAADVHIVAATGLWLDPPLSMRLRSVEELTQFFLREIQYGIEDTGIRAGIIKVATTGKVTPFQELVLRAAARASLATGVPVTTHTAASQRGGEQQAAIFESEGLSPSRVCIGHSDDTDDLSYLTALAARGYLIGLDHIPHSAIGLEDNASASALLGIRSWQTRALLIKALIDQGYMKQILVSNDWLFGFSSYVTNFMDVMDSVNPDGMAFIPLRVIPFLREKGIPQETLAGITVTNPARFLSPTLRAS,1,0.000517545,0.000164184,0.00057988,0.000517347,0.000178314,0.000582509,0.000366227,0.000118106,0.000485874,0.000389998,0.000188774
MQTRRVVLKSAAAAGTLLGGLAGCASVAGSIGTGDRINTVRGPITISEAGFTLTHEHICGSSAGFLRAWPEFFGSRKALAEKAVRGLRRARAAGVRTIVDVSTFDLGRDVSLLAEVSRAADVHIVAATGLWLDPPLSMRLRSVEELTQFFLREIQYGIEDTGIRAGIIKVATTGKVTPFQELVLRAAARASLATGVPVTTHTAASQRGGEQQAAIFESEGLSPSRVCIGHSDETDDLSYLTALAARGYLIGLDRIPHSAIGLEDNASASALLGIRSWQTRALLIKALIDQGYMKQILVSNDWLFGFSSYVTNIMDVMDSVNPDGMAFIPLRVIPFLREKGIPQETLAGITVTNPARFLSPTLRAS,110000,0.316756971,0.348727244,0.340432285,0.268502836,0.253446389,0.247206058,0.292361481,0.293325066,0.334562509,0.299480093,0.037966196
MQTRRVVLKSAAAAGTLLGGLAGCASVAGSIGTGDRINTVRGPITISEAGFTLTHEHICGSSAGFLRAWPEFFGSRKALAEKAVRGLRRARAAGVRTIVDVSTFDLGRDVSLLAEVSRAADVHIVAATGLWLDPPLSMRLRSVEELTQFFLREIQYGIEDTGIRAGIIKVATTGKVTPFQELVLRAAARASLATGVPVTTHTAASQRGGEQQAAIFESEGLSPSRVCIGHSDETDDLSYLTALAARGYLIGLDHIPHSAIGLEDNASASAFLGIRSWQTRALLIKALIDQGYMKQILVSNDWLFGFSSYVTNIMDVMDSVNPDGMAFIPLRVIPFLREKGIPQETLAGITVTNPARFLSPTLRAS,101000,0.002146855,0.002915911,0.00235004,0.002081704,0.001979906,0.0020598,0.001889731,0.001461557,0.001749146,0.002070517,0.000405262
MQTRRVVLKSAAAAGTLLGGLAGCASVAGSIGTGDRINTVRGPITISEAGFTLTHEHICGSSAGFLRAWPEFFGSRKALAEKAVRGLRRARAAGVRTIVDVSTFDLGRDVSLLAEVSRAADVHIVAATGLWLDPPLSMRLRSVEELTQFFLREIQYGIEDTGIRAGIIKVATTGKVTPFQELVLRAAARASLATGVPVTTHTAASQRGGEQQAAIFESEGLSPSRVCIGHSDETDDLSYLTALAARGYLIGLDHIPHSAIGLEDNASASALMGIRSWQTRALLIKALIDQGYMKQILVSNDWLFGFSSYVTNIMDVMDSVNPDGMAFIPLRVIPFLREKGIPQETLAGITVTNPARFLSPTLRAS,100100,0.002958315,0.0024956,0.00241108,0.002537461,0.002379576,0.00254022,0.002236426,0.002219401,0.002536773,0.002479428,0.000218304
MQTRRVVLKSAAAAGTLLGGLAGCASVAGSIGTGDRINTVRGPITISEAGFTLTHEHICGSSAGFLRAWPEFFGSRKALAEKAVRGLRRARAAGVRTIVDVSTFDLGRDVSLLAEVSRAADVHIVAATGLWLDPPLSMRLRSVEELTQFFLREIQYGIEDTGIRAGIIKVATTGKVTPFQELVLRAAARASLATGVPVTTHTAASQRGGEQQAAIFESEGLSPSRVCIGHSDETDDLSYLTALAARGYLIGLDHIPHSAIGLEDNASASALLGIRSWQTRALLIKALIDQGYMKQILVSNDWLFGISSYVTNIMDVMDSVNPDGMAFIPLRVIPFLREKGIPQETLAGITVTNPARFLSPTLRAS,100010,0.056744703,0.06520083,0.053886112,0.070513097,0.049104123,0.05448562,0.043815402,0.035008464,0.041841411,0.052288863,0.011268189
MQTRRVVLKSAAAAGTLLGGLAGCASVAGSIGTGDRINTVRGPITISEAGFTLTHEHICGSSAGFLRAWPEFFGSRKALAEKAVRGLRRARAAGVRTIVDVSTFDLGRDVSLLAEVSRAADVHIVAATGLWLDPPLSMRLRSVEELTQFFLREIQYGIEDTGIRAGIIKVATTGKVTPFQELVLRAAARASLATGVPVTTHTAASQRGGEQQAAIFESEGLSPSRVCIGHSDETDDLSYLTALAARGYLIGLDHIPHSAIGLEDNASASALLGIRSWQTRALLIKALIDQGYMKQILVSNDWLFGFSSYVTNFMDVMDSVNPDGMAFIPLRVIPFLREKGIPQETLAGITVTNPARFLSPTLRAS,100001,0.001878498,0.00137258,0.0018312,0.002623686,0.00140807,0.001993743,0.001538154,0.000964529,0.001309302,0.001657751,0.00048537
MQTRRVVLKSAAAAGTLLGGLAGCASVAGSIGTGDRINTVRGPITISEAGFTLTHEHICGSSAGFLRAWPEFFGSRKALAEKAVRGLRRARAAGVRTIVDVSTFDLGRDVSLLAEVSRAADVHIVAATGLWLDPPLSMRLRSVEELTQFFLREIQYGIEDTGIRAGIIKVATTGKVTPFQELVLRAAARASLATGVPVTTHTAASQRGGEQQAAIFESEGLSPSRVCIGHSDDTDDLSYLTALAARGYLIGLDRIPHSAIGLEDNASASAFLGIRSWQTRALLIKALIDQGYMKQILVSNDWLFGFSSYVTNIMDVMDSVNPDGMAFIPLRVIPFLREKGIPQETLAGITVTNPARFLSPTLRAS,11000,0.004153142,0.003526677,0.004449816,0.004366651,0.003068239,0.004191664,0.002641718,0.002603244,0.004536527,0.003726409,0.000782561
MQTRRVVLKSAAAAGTLLGGLAGCASVAGSIGTGDRINTVRGPITISEAGFTLTHEHICGSSAGFLRAWPEFFGSRKALAEKAVRGLRRARAAGVRTIVDVSTFDLGRDVSLLAEVSRAADVHIVAATGLWLDPPLSMRLRSVEELTQFFLREIQYGIEDTGIRAGIIKVATTGKVTPFQELVLRAAARASLATGVPVTTHTAASQRGGEQQAAIFESEGLSPSRVCIGHSDDTDDLSYLTALAARGYLIGLDRIPHSAIGLEDNASASALMGIRSWQTRALLIKALIDQGYMKQILVSNDWLFGFSSYVTNIMDVMDSVNPDGMAFIPLRVIPFLREKGIPQETLAGITVTNPARFLSPTLRAS,10100,0.012491374,0.010560328,0.010828496,0.013469486,0.010440621,0.010551222,0.009155676,0.009394315,0.008899163,0.010643409,0.001512797
MQTRRVVLKSAAAAGTLLGGLAGCASVAGSIGTGDRINTVRGPITISEAGFTLTHEHICGSSAGFLRAWPEFFGSRKALAEKAVRGLRRARAAGVRTIVDVSTFDLGRDVSLLAEVSRAADVHIVAATGLWLDPPLSMRLRSVEELTQFFLREIQYGIEDTGIRAGIIKVATTGKVTPFQELVLRAAARASLATGVPVTTHTAASQRGGEQQAAIFESEGLSPSRVCIGHSDDTDDLSYLTALAARGYLIGLDRIPHSAIGLEDNASASALLGIRSWQTRALLIKALIDQGYMKQILVSNDWLFGISSYVTNIMDVMDSVNPDGMAFIPLRVIPFLREKGIPQETLAGITVTNPARFLSPTLRAS,10010,0.082494186,0.10786902,0.102669279,0.09904722,0.116654574,0.102077215,0.064358297,0.091438329,0.082081995,0.094298902,0.015930564
MQTRRVVLKSAAAAGTLLGGLAGCASVAGSIGTGDRINTVRGPITISEAGFTLTHEHICGSSAGFLRAWPEFFGSRKALAEKAVRGLRRARAAGVRTIVDVSTFDLGRDVSLLAEVSRAADVHIVAATGLWLDPPLSMRLRSVEELTQFFLREIQYGIEDTGIRAGIIKVATTGKVTPFQELVLRAAARASLATGVPVTTHTAASQRGGEQQAAIFESEGLSPSRVCIGHSDDTDDLSYLTALAARGYLIGLDRIPHSAIGLEDNASASALLGIRSWQTRALLIKALIDQGYMKQILVSNDWLFGFSSYVTNFMDVMDSVNPDGMAFIPLRVIPFLREKGIPQETLAGITVTNPARFLSPTLRAS,10001,0.006517239,0.006560801,0.006873104,0.005130353,0.004574689,0.004287747,0.005122295,0.003843353,0.003626153,0.005170637,0.001221168
MQTRRVVLKSAAAAGTLLGGLAGCASVAGSIGTGDRINTVRGPITISEAGFTLTHEHICGSSAGFLRAWPEFFGSRKALAEKAVRGLRRARAAGVRTIVDVSTFDLGRDVSLLAEVSRAADVHIVAATGLWLDPPLSMRLRSVEELTQFFLREIQYGIEDTGIRAGIIKVATTGKVTPFQELVLRAAARASLATGVPVTTHTAASQRGGEQQAAIFESEGLSPSRVCIGHSDDTDDLSYLTALAARGYLIGLDHIPHSAIGLEDNASASAFMGIRSWQTRALLIKALIDQGYMKQILVSNDWLFGFSSYVTNIMDVMDSVNPDGMAFIPLRVIPFLREKGIPQETLAGITVTNPARFLSPTLRAS,1100,0.000983975,0.000669872,0.001013264,0.000788338,0.000534943,0.000792693,0.000576197,0.000437975,0.000659766,0.000717447,0.000195636
MQTRRVVLKSAAAAGTLLGGLAGCASVAGSIGTGDRINTVRGPITISEAGFTLTHEHICGSSAGFLRAWPEFFGSRKALAEKAVRGLRRARAAGVRTIVDVSTFDLGRDVSLLAEVSRAADVHIVAATGLWLDPPLSMRLRSVEELTQFFLREIQYGIEDTGIRAGIIKVATTGKVTPFQELVLRAAARASLATGVPVTTHTAASQRGGEQQAAIFESEGLSPSRVCIGHSDDTDDLSYLTALAARGYLIGLDHIPHSAIGLEDNASASAFLGIRSWQTRALLIKALIDQGYMKQILVSNDWLFGISSYVTNIMDVMDSVNPDGMAFIPLRVIPFLREKGIPQETLAGITVTNPARFLSPTLRAS,1010,0.00859381,0.008826543,0,0.01189897,0.011485913,0,0.00898477,0.00909413,0,0.006542682,0.005042844
MQTRRVVLKSAAAAGTLLGGLAGCASVAGSIGTGDRINTVRGPITISEAGFTLTHEHICGSSAGFLRAWPEFFGSRKALAEKAVRGLRRARAAGVRTIVDVSTFDLGRDVSLLAEVSRAADVHIVAATGLWLDPPLSMRLRSVEELTQFFLREIQYGIEDTGIRAGIIKVATTGKVTPFQELVLRAAARASLATGVPVTTHTAASQRGGEQQAAIFESEGLSPSRVCIGHSDDTDDLSYLTALAARGYLIGLDHIPHSAIGLEDNASASAFLGIRSWQTRALLIKALIDQGYMKQILVSNDWLFGFSSYVTNFMDVMDSVNPDGMAFIPLRVIPFLREKGIPQETLAGITVTNPARFLSPTLRAS,1001,0.000485598,0,0.000463904,0.000400328,0,0.000378331,0.000307631,0,0.000327326,0.000262569,0.00020485
MQTRRVVLKSAAAAGTLLGGLAGCASVAGSIGTGDRINTVRGPITISEAGFTLTHEHICGSSAGFLRAWPEFFGSRKALAEKAVRGLRRARAAGVRTIVDVSTFDLGRDVSLLAEVSRAADVHIVAATGLWLDPPLSMRLRSVEELTQFFLREIQYGIEDTGIRAGIIKVATTGKVTPFQELVLRAAARASLATGVPVTTHTAASQRGGEQQAAIFESEGLSPSRVCIGHSDDTDDLSYLTALAARGYLIGLDHIPHSAIGLEDNASASALMGIRSWQTRALLIKALIDQGYMKQILVSNDWLFGISSYVTNIMDVMDSVNPDGMAFIPLRVIPFLREKGIPQETLAGITVTNPARFLSPTLRAS,110,0.014561556,0.013082197,0,0.016499658,0.01200241,0,0.013164641,0.010964135,0,0.0089194,0.006864748
MQTRRVVLKSAAAAGTLLGGLAGCASVAGSIGTGDRINTVRGPITISEAGFTLTHEHICGSSAGFLRAWPEFFGSRKALAEKAVRGLRRARAAGVRTIVDVSTFDLGRDVSLLAEVSRAADVHIVAATGLWLDPPLSMRLRSVEELTQFFLREIQYGIEDTGIRAGIIKVATTGKVTPFQELVLRAAARASLATGVPVTTHTAASQRGGEQQAAIFESEGLSPSRVCIGHSDDTDDLSYLTALAARGYLIGLDHIPHSAIGLEDNASASALMGIRSWQTRALLIKALIDQGYMKQILVSNDWLFGFSSYVTNFMDVMDSVNPDGMAFIPLRVIPFLREKGIPQETLAGITVTNPARFLSPTLRAS,101,0.001686815,0.001385715,0.00125132,0.001558198,0.001285094,0.001171023,0.001059617,0.001097398,0.000854115,0.001261033,0.000256624
MQTRRVVLKSAAAAGTLLGGLAGCASVAGSIGTGDRINTVRGPITISEAGFTLTHEHICGSSAGFLRAWPEFFGSRKALAEKAVRGLRRARAAGVRTIVDVSTFDLGRDVSLLAEVSRAADVHIVAATGLWLDPPLSMRLRSVEELTQFFLREIQYGIEDTGIRAGIIKVATTGKVTPFQELVLRAAARASLATGVPVTTHTAASQRGGEQQAAIFESEGLSPSRVCIGHSDDTDDLSYLTALAARGYLIGLDHIPHSAIGLEDNASASALLGIRSWQTRALLIKALIDQGYMKQILVSNDWLFGISSYVTNFMDVMDSVNPDGMAFIPLRVIPFLREKGIPQETLAGITVTNPARFLSPTLRAS,11,0.002523833,0.002292011,0.002728488,0.003313481,0.003086685,0.003320902,0.002373151,0.002303059,0.002598147,0.00272664,0.000415043
MQTRRVVLKSAAAAGTLLGGLAGCASVAGSIGTGDRINTVRGPITISEAGFTLTHEHICGSSAGFLRAWPEFFGSRKALAEKAVRGLRRARAAGVRTIVDVSTFDLGRDVSLLAEVSRAADVHIVAATGLWLDPPLSMRLRSVEELTQFFLREIQYGIEDTGIRAGIIKVATTGKVTPFQELVLRAAARASLATGVPVTTHTAASQRGGEQQAAIFESEGLSPSRVCIGHSDETDDLSYLTALAARGYLIGLDRIPHSAIGLEDNASASAFLGIRSWQTRALLIKALIDQGYMKQILVSNDWLFGFSSYVTNIMDVMDSVNPDGMAFIPLRVIPFLREKGIPQETLAGITVTNPARFLSPTLRAS,111000,0.162624275,0.153945675,0.152203239,0.200490247,0.138538067,0.130229821,0.132124947,0.110064564,0.134126757,0.146038621,0.025681656
MQTRRVVLKSAAAAGTLLGGLAGCASVAGSIGTGDRINTVRGPITISEAGFTLTHEHICGSSAGFLRAWPEFFGSRKALAEKAVRGLRRARAAGVRTIVDVSTFDLGRDVSLLAEVSRAADVHIVAATGLWLDPPLSMRLRSVEELTQFFLREIQYGIEDTGIRAGIIKVATTGKVTPFQELVLRAAARASLATGVPVTTHTAASQRGGEQQAAIFESEGLSPSRVCIGHSDETDDLSYLTALAARGYLIGLDRIPHSAIGLEDNASASALMGIRSWQTRALLIKALIDQGYMKQILVSNDWLFGFSSYVTNIMDVMDSVNPDGMAFIPLRVIPFLREKGIPQETLAGITVTNPARFLSPTLRAS,110100,0.474998083,0.499080568,0.440635548,0.531930749,0.489073625,0.501810582,0.419852435,0.418905752,0.470382153,0.471852166,0.038792295
MQTRRVVLKSAAAAGTLLGGLAGCASVAGSIGTGDRINTVRGPITISEAGFTLTHEHICGSSAGFLRAWPEFFGSRKALAEKAVRGLRRARAAGVRTIVDVSTFDLGRDVSLLAEVSRAADVHIVAATGLWLDPPLSMRLRSVEELTQFFLREIQYGIEDTGIRAGIIKVATTGKVTPFQELVLRAAARASLATGVPVTTHTAASQRGGEQQAAIFESEGLSPSRVCIGHSDETDDLSYLTALAARGYLIGLDRIPHSAIGLEDNASASALLGIRSWQTRALLIKALIDQGYMKQILVSNDWLFGISSYVTNIMDVMDSVNPDGMAFIPLRVIPFLREKGIPQETLAGITVTNPARFLSPTLRAS,110010,0.506830322,0.698091523,0.594181667,0.665818793,0.758617509,0.686784249,0.493752167,0.533054801,0.557056934,0.61046533,0.094860544
MQTRRVVLKSAAAAGTLLGGLAGCASVAGSIGTGDRINTVRGPITISEAGFTLTHEHICGSSAGFLRAWPEFFGSRKALAEKAVRGLRRARAAGVRTIVDVSTFDLGRDVSLLAEVSRAADVHIVAATGLWLDPPLSMRLRSVEELTQFFLREIQYGIEDTGIRAGIIKVATTGKVTPFQELVLRAAARASLATGVPVTTHTAASQRGGEQQAAIFESEGLSPSRVCIGHSDETDDLSYLTALAARGYLIGLDRIPHSAIGLEDNASASALLGIRSWQTRALLIKALIDQGYMKQILVSNDWLFGFSSYVTNFMDVMDSVNPDGMAFIPLRVIPFLREKGIPQETLAGITVTNPARFLSPTLRAS,110001,0,0.116255549,0,0,0.094389857,0,0,0.06411657,0,0.030529109,0.047628109
MQTRRVVLKSAAAAGTLLGGLAGCASVAGSIGTGDRINTVRGPITISEAGFTLTHEHICGSSAGFLRAWPEFFGSRKALAEKAVRGLRRARAAGVRTIVDVSTFDLGRDVSLLAEVSRAADVHIVAATGLWLDPPLSMRLRSVEELTQFFLREIQYGIEDTGIRAGIIKVATTGKVTPFQELVLRAAARASLATGVPVTTHTAASQRGGEQQAAIFESEGLSPSRVCIGHSDETDDLSYLTALAARGYLIGLDHIPHSAIGLEDNASASAFMGIRSWQTRALLIKALIDQGYMKQILVSNDWLFGFSSYVTNIMDVMDSVNPDGMAFIPLRVIPFLREKGIPQETLAGITVTNPARFLSPTLRAS,101100,0.00301582,0.002114693,0,0.002371171,0.001727806,0,0.001704176,0.001240109,0,0.001352642,0.001126399
MQTRRVVLKSAAAAGTLLGGLAGCASVAGSIGTGDRINTVRGPITISEAGFTLTHEHICGSSAGFLRAWPEFFGSRKALAEKAVRGLRRARAAGVRTIVDVSTFDLGRDVSLLAEVSRAADVHIVAATGLWLDPPLSMRLRSVEELTQFFLREIQYGIEDTGIRAGIIKVATTGKVTPFQELVLRAAARASLATGVPVTTHTAASQRGGEQQAAIFESEGLSPSRVCIGHSDETDDLSYLTALAARGYLIGLDHIPHSAIGLEDNASASAFLGIRSWQTRALLIKALIDQGYMKQILVSNDWLFGISSYVTNIMDVMDSVNPDGMAFIPLRVIPFLREKGIPQETLAGITVTNPARFLSPTLRAS,101010,0.026631227,0.024883758,0,0.030560397,0.02892999,0,0.026378112,0.024487225,0,0.017985634,0.013617027
MQTRRVVLKSAAAAGTLLGGLAGCASVAGSIGTGDRINTVRGPITISEAGFTLTHEHICGSSAGFLRAWPEFFGSRKALAEKAVRGLRRARAAGVRTIVDVSTFDLGRDVSLLAEVSRAADVHIVAATGLWLDPPLSMRLRSVEELTQFFLREIQYGIEDTGIRAGIIKVATTGKVTPFQELVLRAAARASLATGVPVTTHTAASQRGGEQQAAIFESEGLSPSRVCIGHSDETDDLSYLTALAARGYLIGLDHIPHSAIGLEDNASASAFLGIRSWQTRALLIKALIDQGYMKQILVSNDWLFGFSSYVTNFMDVMDSVNPDGMAFIPLRVIPFLREKGIPQETLAGITVTNPARFLSPTLRAS,101001,0.002249086,0.001917671,0.001721328,0.00243276,0.002213559,0.001867632,0.001616282,0.001550136,0.001355332,0.001880421,0.000359411
MQTRRVVLKSAAAAGTLLGGLAGCASVAGSIGTGDRINTVRGPITISEAGFTLTHEHICGSSAGFLRAWPEFFGSRKALAEKAVRGLRRARAAGVRTIVDVSTFDLGRDVSLLAEVSRAADVHIVAATGLWLDPPLSMRLRSVEELTQFFLREIQYGIEDTGIRAGIIKVATTGKVTPFQELVLRAAARASLATGVPVTTHTAASQRGGEQQAAIFESEGLSPSRVCIGHSDETDDLSYLTALAARGYLIGLDHIPHSAIGLEDNASASALMGIRSWQTRALLIKALIDQGYMKQILVSNDWLFGISSYVTNIMDVMDSVNPDGMAFIPLRVIPFLREKGIPQETLAGITVTNPARFLSPTLRAS,100110,0.023129808,0.027812804,0,0.030782117,0.030049067,0,0.024014727,0.024064013,0,0.017761393,0.013581262
MQTRRVVLKSAAAAGTLLGGLAGCASVAGSIGTGDRINTVRGPITISEAGFTLTHEHICGSSAGFLRAWPEFFGSRKALAEKAVRGLRRARAAGVRTIVDVSTFDLGRDVSLLAEVSRAADVHIVAATGLWLDPPLSMRLRSVEELTQFFLREIQYGIEDTGIRAGIIKVATTGKVTPFQELVLRAAARASLATGVPVTTHTAASQRGGEQQAAIFESEGLSPSRVCIGHSDETDDLSYLTALAARGYLIGLDHIPHSAIGLEDNASASALMGIRSWQTRALLIKALIDQGYMKQILVSNDWLFGFSSYVTNFMDVMDSVNPDGMAFIPLRVIPFLREKGIPQETLAGITVTNPARFLSPTLRAS,100101,0.002376875,0.001425119,0.001886136,0.002352695,0.001395772,0.001939695,0.001611399,0.000979292,0.001396248,0.001707026,0.000469505
MQTRRVVLKSAAAAGTLLGGLAGCASVAGSIGTGDRINTVRGPITISEAGFTLTHEHICGSSAGFLRAWPEFFGSRKALAEKAVRGLRRARAAGVRTIVDVSTFDLGRDVSLLAEVSRAADVHIVAATGLWLDPPLSMRLRSVEELTQFFLREIQYGIEDTGIRAGIIKVATTGKVTPFQELVLRAAARASLATGVPVTTHTAASQRGGEQQAAIFESEGLSPSRVCIGHSDETDDLSYLTALAARGYLIGLDHIPHSAIGLEDNASASALLGIRSWQTRALLIKALIDQGYMKQILVSNDWLFGISSYVTNFMDVMDSVNPDGMAFIPLRVIPFLREKGIPQETLAGITVTNPARFLSPTLRAS,100011,0.015315511,0.015111514,0.01324568,0.015834498,0.014830847,0.0130434,0.011685084,0.011377505,0.010525562,0.013441067,0.001936562
MQTRRVVLKSAAAAGTLLGGLAGCASVAGSIGTGDRINTVRGPITISEAGFTLTHEHICGSSAGFLRAWPEFFGSRKALAEKAVRGLRRARAAGVRTIVDVSTFDLGRDVSLLAEVSRAADVHIVAATGLWLDPPLSMRLRSVEELTQFFLREIQYGIEDTGIRAGIIKVATTGKVTPFQELVLRAAARASLATGVPVTTHTAASQRGGEQQAAIFESEGLSPSRVCIGHSDDTDDLSYLTALAARGYLIGLDRIPHSAIGLEDNASASAFMGIRSWQTRALLIKALIDQGYMKQILVSNDWLFGFSSYVTNIMDVMDSVNPDGMAFIPLRVIPFLREKGIPQETLAGITVTNPARFLSPTLRAS,11100,0.015877783,0.012872041,0.013056456,0.01665363,0.014092994,0.015409468,0.014043586,0.010412976,0.012085473,0.013833823,0.001968856
MQTRRVVLKSAAAAGTLLGGLAGCASVAGSIGTGDRINTVRGPITISEAGFTLTHEHICGSSAGFLRAWPEFFGSRKALAEKAVRGLRRARAAGVRTIVDVSTFDLGRDVSLLAEVSRAADVHIVAATGLWLDPPLSMRLRSVEELTQFFLREIQYGIEDTGIRAGIIKVATTGKVTPFQELVLRAAARASLATGVPVTTHTAASQRGGEQQAAIFESEGLSPSRVCIGHSDDTDDLSYLTALAARGYLIGLDRIPHSAIGLEDNASASAFLGIRSWQTRALLIKALIDQGYMKQILVSNDWLFGISSYVTNIMDVMDSVNPDGMAFIPLRVIPFLREKGIPQETLAGITVTNPARFLSPTLRAS,11010,0.085637795,0.084003205,0.068090119,0.090246171,0.059710762,0.075497985,0.082127633,0.067147947,0.061941245,0.074933651,0.011131996
MQTRRVVLKSAAAAGTLLGGLAGCASVAGSIGTGDRINTVRGPITISEAGFTLTHEHICGSSAGFLRAWPEFFGSRKALAEKAVRGLRRARAAGVRTIVDVSTFDLGRDVSLLAEVSRAADVHIVAATGLWLDPPLSMRLRSVEELTQFFLREIQYGIEDTGIRAGIIKVATTGKVTPFQELVLRAAARASLATGVPVTTHTAASQRGGEQQAAIFESEGLSPSRVCIGHSDDTDDLSYLTALAARGYLIGLDRIPHSAIGLEDNASASAFLGIRSWQTRALLIKALIDQGYMKQILVSNDWLFGFSSYVTNFMDVMDSVNPDGMAFIPLRVIPFLREKGIPQETLAGITVTNPARFLSPTLRAS,11001,0.005092391,0.00571361,0,0.005087241,0.005152674,0,0.003750165,0.005058856,0,0.003317215,0.002540383
MQTRRVVLKSAAAAGTLLGGLAGCASVAGSIGTGDRINTVRGPITISEAGFTLTHEHICGSSAGFLRAWPEFFGSRKALAEKAVRGLRRARAAGVRTIVDVSTFDLGRDVSLLAEVSRAADVHIVAATGLWLDPPLSMRLRSVEELTQFFLREIQYGIEDTGIRAGIIKVATTGKVTPFQELVLRAAARASLATGVPVTTHTAASQRGGEQQAAIFESEGLSPSRVCIGHSDDTDDLSYLTALAARGYLIGLDRIPHSAIGLEDNASASALMGIRSWQTRALLIKALIDQGYMKQILVSNDWLFGISSYVTNIMDVMDSVNPDGMAFIPLRVIPFLREKGIPQETLAGITVTNPARFLSPTLRAS,10110,0.293639942,0.299137048,0.273605694,0.352984289,0.289121586,0.333291297,0.331767509,0.271692059,0.298295861,0.304837254,0.028228236
MQTRRVVLKSAAAAGTLLGGLAGCASVAGSIGTGDRINTVRGPITISEAGFTLTHEHICGSSAGFLRAWPEFFGSRKALAEKAVRGLRRARAAGVRTIVDVSTFDLGRDVSLLAEVSRAADVHIVAATGLWLDPPLSMRLRSVEELTQFFLREIQYGIEDTGIRAGIIKVATTGKVTPFQELVLRAAARASLATGVPVTTHTAASQRGGEQQAAIFESEGLSPSRVCIGHSDDTDDLSYLTALAARGYLIGLDRIPHSAIGLEDNASASALMGIRSWQTRALLIKALIDQGYMKQILVSNDWLFGFSSYVTNFMDVMDSVNPDGMAFIPLRVIPFLREKGIPQETLAGITVTNPARFLSPTLRAS,10101,0.020152324,0.018782673,0,0.014756693,0.018304905,0,0.016167703,0.017809338,0,0.011774849,0.008961572
MQTRRVVLKSAAAAGTLLGGLAGCASVAGSIGTGDRINTVRGPITISEAGFTLTHEHICGSSAGFLRAWPEFFGSRKALAEKAVRGLRRARAAGVRTIVDVSTFDLGRDVSLLAEVSRAADVHIVAATGLWLDPPLSMRLRSVEELTQFFLREIQYGIEDTGIRAGIIKVATTGKVTPFQELVLRAAARASLATGVPVTTHTAASQRGGEQQAAIFESEGLSPSRVCIGHSDDTDDLSYLTALAARGYLIGLDRIPHSAIGLEDNASASALLGIRSWQTRALLIKALIDQGYMKQILVSNDWLFGISSYVTNFMDVMDSVNPDGMAFIPLRVIPFLREKGIPQETLAGITVTNPARFLSPTLRAS,10011,0.043869962,0.041006646,0,0.034428178,0.032102758,0,0.031524823,0.032316641,0,0.023916557,0.018412529
MQTRRVVLKSAAAAGTLLGGLAGCASVAGSIGTGDRINTVRGPITISEAGFTLTHEHICGSSAGFLRAWPEFFGSRKALAEKAVRGLRRARAAGVRTIVDVSTFDLGRDVSLLAEVSRAADVHIVAATGLWLDPPLSMRLRSVEELTQFFLREIQYGIEDTGIRAGIIKVATTGKVTPFQELVLRAAARASLATGVPVTTHTAASQRGGEQQAAIFESEGLSPSRVCIGHSDDTDDLSYLTALAARGYLIGLDHIPHSAIGLEDNASASAFMGIRSWQTRALLIKALIDQGYMKQILVSNDWLFGISSYVTNIMDVMDSVNPDGMAFIPLRVIPFLREKGIPQETLAGITVTNPARFLSPTLRAS,1110,0.013807601,0.012235007,0,0.014590403,0.012801751,0,0.011519061,0.010004527,0,0.008328706,0.006379491
MQTRRVVLKSAAAAGTLLGGLAGCASVAGSIGTGDRINTVRGPITISEAGFTLTHEHICGSSAGFLRAWPEFFGSRKALAEKAVRGLRRARAAGVRTIVDVSTFDLGRDVSLLAEVSRAADVHIVAATGLWLDPPLSMRLRSVEELTQFFLREIQYGIEDTGIRAGIIKVATTGKVTPFQELVLRAAARASLATGVPVTTHTAASQRGGEQQAAIFESEGLSPSRVCIGHSDDTDDLSYLTALAARGYLIGLDHIPHSAIGLEDNASASAFMGIRSWQTRALLIKALIDQGYMKQILVSNDWLFGFSSYVTNFMDVMDSVNPDGMAFIPLRVIPFLREKGIPQETLAGITVTNPARFLSPTLRAS,1101,0.000952028,0.00049912,0,0.000640524,0.000325885,0,0.000537133,0.000211606,0,0.000351811,0.000333786
MQTRRVVLKSAAAAGTLLGGLAGCASVAGSIGTGDRINTVRGPITISEAGFTLTHEHICGSSAGFLRAWPEFFGSRKALAEKAVRGLRRARAAGVRTIVDVSTFDLGRDVSLLAEVSRAADVHIVAATGLWLDPPLSMRLRSVEELTQFFLREIQYGIEDTGIRAGIIKVATTGKVTPFQELVLRAAARASLATGVPVTTHTAASQRGGEQQAAIFESEGLSPSRVCIGHSDDTDDLSYLTALAARGYLIGLDHIPHSAIGLEDNASASAFLGIRSWQTRALLIKALIDQGYMKQILVSNDWLFGISSYVTNFMDVMDSVNPDGMAFIPLRVIPFLREKGIPQETLAGITVTNPARFLSPTLRAS,1011,0.027570476,0.033802243,0.02780372,0.019572943,0.02802612,0.029719975,0.01653393,0.019994292,0.021097154,0.024902317,0.005752325
MQTRRVVLKSAAAAGTLLGGLAGCASVAGSIGTGDRINTVRGPITISEAGFTLTHEHICGSSAGFLRAWPEFFGSRKALAEKAVRGLRRARAAGVRTIVDVSTFDLGRDVSLLAEVSRAADVHIVAATGLWLDPPLSMRLRSVEELTQFFLREIQYGIEDTGIRAGIIKVATTGKVTPFQELVLRAAARASLATGVPVTTHTAASQRGGEQQAAIFESEGLSPSRVCIGHSDDTDDLSYLTALAARGYLIGLDHIPHSAIGLEDNASASALMGIRSWQTRALLIKALIDQGYMKQILVSNDWLFGISSYVTNFMDVMDSVNPDGMAFIPLRVIPFLREKGIPQETLAGITVTNPARFLSPTLRAS,111,0.008344621,0.00736202,0.007184408,0.009835742,0.009684322,0.010425112,0.007793311,0.00655486,0.006720403,0.008211644,0.001442412
MQTRRVVLKSAAAAGTLLGGLAGCASVAGSIGTGDRINTVRGPITISEAGFTLTHEHICGSSAGFLRAWPEFFGSRKALAEKAVRGLRRARAAGVRTIVDVSTFDLGRDVSLLAEVSRAADVHIVAATGLWLDPPLSMRLRSVEELTQFFLREIQYGIEDTGIRAGIIKVATTGKVTPFQELVLRAAARASLATGVPVTTHTAASQRGGEQQAAIFESEGLSPSRVCIGHSDETDDLSYLTALAARGYLIGLDRIPHSAIGLEDNASASAFMGIRSWQTRALLIKALIDQGYMKQILVSNDWLFGFSSYVTNIMDVMDSVNPDGMAFIPLRVIPFLREKGIPQETLAGITVTNPARFLSPTLRAS,111100,0.445159353,0.45745659,0.395795565,0.388256234,0.337100483,0.363383597,0.324506448,0.283123696,0.310463166,0.367249459,0.059703581
MQTRRVVLKSAAAAGTLLGGLAGCASVAGSIGTGDRINTVRGPITISEAGFTLTHEHICGSSAGFLRAWPEFFGSRKALAEKAVRGLRRARAAGVRTIVDVSTFDLGRDVSLLAEVSRAADVHIVAATGLWLDPPLSMRLRSVEELTQFFLREIQYGIEDTGIRAGIIKVATTGKVTPFQELVLRAAARASLATGVPVTTHTAASQRGGEQQAAIFESEGLSPSRVCIGHSDETDDLSYLTALAARGYLIGLDRIPHSAIGLEDNASASAFLGIRSWQTRALLIKALIDQGYMKQILVSNDWLFGISSYVTNIMDVMDSVNPDGMAFIPLRVIPFLREKGIPQETLAGITVTNPARFLSPTLRAS,111010,1,1,1,1,1,1,1,1,1,1,0
MQTRRVVLKSAAAAGTLLGGLAGCASVAGSIGTGDRINTVRGPITISEAGFTLTHEHICGSSAGFLRAWPEFFGSRKALAEKAVRGLRRARAAGVRTIVDVSTFDLGRDVSLLAEVSRAADVHIVAATGLWLDPPLSMRLRSVEELTQFFLREIQYGIEDTGIRAGIIKVATTGKVTPFQELVLRAAARASLATGVPVTTHTAASQRGGEQQAAIFESEGLSPSRVCIGHSDETDDLSYLTALAARGYLIGLDRIPHSAIGLEDNASASAFLGIRSWQTRALLIKALIDQGYMKQILVSNDWLFGFSSYVTNFMDVMDSVNPDGMAFIPLRVIPFLREKGIPQETLAGITVTNPARFLSPTLRAS,111001,0.497456999,0.480278194,0,0.308720368,0.396061094,0,0.330175642,0.360335223,0,0.263669725,0.207203155
MQTRRVVLKSAAAAGTLLGGLAGCASVAGSIGTGDRINTVRGPITISEAGFTLTHEHICGSSAGFLRAWPEFFGSRKALAEKAVRGLRRARAAGVRTIVDVSTFDLGRDVSLLAEVSRAADVHIVAATGLWLDPPLSMRLRSVEELTQFFLREIQYGIEDTGIRAGIIKVATTGKVTPFQELVLRAAARASLATGVPVTTHTAASQRGGEQQAAIFESEGLSPSRVCIGHSDETDDLSYLTALAARGYLIGLDRIPHSAIGLEDNASASALMGIRSWQTRALLIKALIDQGYMKQILVSNDWLFGISSYVTNIMDVMDSVNPDGMAFIPLRVIPFLREKGIPQETLAGITVTNPARFLSPTLRAS,110110,0.706206711,0.739282055,0.699316962,0.869172923,0.729908875,0.85010299,0.736135865,0.738282942,0.703146417,0.752395082,0.062949462
MQTRRVVLKSAAAAGTLLGGLAGCASVAGSIGTGDRINTVRGPITISEAGFTLTHEHICGSSAGFLRAWPEFFGSRKALAEKAVRGLRRARAAGVRTIVDVSTFDLGRDVSLLAEVSRAADVHIVAATGLWLDPPLSMRLRSVEELTQFFLREIQYGIEDTGIRAGIIKVATTGKVTPFQELVLRAAARASLATGVPVTTHTAASQRGGEQQAAIFESEGLSPSRVCIGHSDETDDLSYLTALAARGYLIGLDRIPHSAIGLEDNASASALMGIRSWQTRALLIKALIDQGYMKQILVSNDWLFGFSSYVTNFMDVMDSVNPDGMAFIPLRVIPFLREKGIPQETLAGITVTNPARFLSPTLRAS,110101,0.295256473,0.275074211,0,0.275714893,0.310322565,0,0.268278391,0.257411126,0,0.186895295,0.140990302
MQTRRVVLKSAAAAGTLLGGLAGCASVAGSIGTGDRINTVRGPITISEAGFTLTHEHICGSSAGFLRAWPEFFGSRKALAEKAVRGLRRARAAGVRTIVDVSTFDLGRDVSLLAEVSRAADVHIVAATGLWLDPPLSMRLRSVEELTQFFLREIQYGIEDTGIRAGIIKVATTGKVTPFQELVLRAAARASLATGVPVTTHTAASQRGGEQQAAIFESEGLSPSRVCIGHSDETDDLSYLTALAARGYLIGLDRIPHSAIGLEDNASASALLGIRSWQTRALLIKALIDQGYMKQILVSNDWLFGISSYVTNFMDVMDSVNPDGMAFIPLRVIPFLREKGIPQETLAGITVTNPARFLSPTLRAS,110011,0.444386229,0.367614995,0,0.377669108,0.402105341,0,0.330825085,0.340183457,0,0.251420468,0.191442655
MQTRRVVLKSAAAAGTLLGGLAGCASVAGSIGTGDRINTVRGPITISEAGFTLTHEHICGSSAGFLRAWPEFFGSRKALAEKAVRGLRRARAAGVRTIVDVSTFDLGRDVSLLAEVSRAADVHIVAATGLWLDPPLSMRLRSVEELTQFFLREIQYGIEDTGIRAGIIKVATTGKVTPFQELVLRAAARASLATGVPVTTHTAASQRGGEQQAAIFESEGLSPSRVCIGHSDETDDLSYLTALAARGYLIGLDHIPHSAIGLEDNASASAFMGIRSWQTRALLIKALIDQGYMKQILVSNDWLFGISSYVTNIMDVMDSVNPDGMAFIPLRVIPFLREKGIPQETLAGITVTNPARFLSPTLRAS,101110,0.029666215,0.026243203,0,0.034341954,0.028837758,0,0.026031417,0.023202827,0,0.018702597,0.014351384
MQTRRVVLKSAAAAGTLLGGLAGCASVAGSIGTGDRINTVRGPITISEAGFTLTHEHICGSSAGFLRAWPEFFGSRKALAEKAVRGLRRARAAGVRTIVDVSTFDLGRDVSLLAEVSRAADVHIVAATGLWLDPPLSMRLRSVEELTQFFLREIQYGIEDTGIRAGIIKVATTGKVTPFQELVLRAAARASLATGVPVTTHTAASQRGGEQQAAIFESEGLSPSRVCIGHSDETDDLSYLTALAARGYLIGLDHIPHSAIGLEDNASASAFMGIRSWQTRALLIKALIDQGYMKQILVSNDWLFGFSSYVTNFMDVMDSVNPDGMAFIPLRVIPFLREKGIPQETLAGITVTNPARFLSPTLRAS,101101,0.002236307,0.002397089,0.001898344,0.002291106,0.002637825,0.00193369,0.00143561,0.001589504,0.001309302,0.001969864,0.000457677
MQTRRVVLKSAAAAGTLLGGLAGCASVAGSIGTGDRINTVRGPITISEAGFTLTHEHICGSSAGFLRAWPEFFGSRKALAEKAVRGLRRARAAGVRTIVDVSTFDLGRDVSLLAEVSRAADVHIVAATGLWLDPPLSMRLRSVEELTQFFLREIQYGIEDTGIRAGIIKVATTGKVTPFQELVLRAAARASLATGVPVTTHTAASQRGGEQQAAIFESEGLSPSRVCIGHSDETDDLSYLTALAARGYLIGLDHIPHSAIGLEDNASASAFLGIRSWQTRALLIKALIDQGYMKQILVSNDWLFGISSYVTNFMDVMDSVNPDGMAFIPLRVIPFLREKGIPQETLAGITVTNPARFLSPTLRAS,101011,0.093733228,0.119499829,0.105367247,0.089519422,0.094869461,0.108010401,0.060945061,0.073127042,0.07334138,0.090934786,0.018931382
MQTRRVVLKSAAAAGTLLGGLAGCASVAGSIGTGDRINTVRGPITISEAGFTLTHEHICGSSAGFLRAWPEFFGSRKALAEKAVRGLRRARAAGVRTIVDVSTFDLGRDVSLLAEVSRAADVHIVAATGLWLDPPLSMRLRSVEELTQFFLREIQYGIEDTGIRAGIIKVATTGKVTPFQELVLRAAARASLATGVPVTTHTAASQRGGEQQAAIFESEGLSPSRVCIGHSDETDDLSYLTALAARGYLIGLDHIPHSAIGLEDNASASALMGIRSWQTRALLIKALIDQGYMKQILVSNDWLFGISSYVTNFMDVMDSVNPDGMAFIPLRVIPFLREKGIPQETLAGITVTNPARFLSPTLRAS,100111,0.001437626,0.001661544,0.001733536,0.001361114,0.001899972,0.001969722,0.001235406,0.00138282,0.001846321,0.001614229,0.000267085
MQTRRVVLKSAAAAGTLLGGLAGCASVAGSIGTGDRINTVRGPITISEAGFTLTHEHICGSSAGFLRAWPEFFGSRKALAEKAVRGLRRARAAGVRTIVDVSTFDLGRDVSLLAEVSRAADVHIVAATGLWLDPPLSMRLRSVEELTQFFLREIQYGIEDTGIRAGIIKVATTGKVTPFQELVLRAAARASLATGVPVTTHTAASQRGGEQQAAIFESEGLSPSRVCIGHSDDTDDLSYLTALAARGYLIGLDHIPHSAIGLEDNASASAFMGIRSWQTRALLIKALIDQGYMKQILVSNDWLFGISSYVTNFMDVMDSVNPDGMAFIPLRVIPFLREKGIPQETLAGITVTNPARFLSPTLRAS,1111,0.029947351,0.036816665,0.030837408,0.02877432,0.030817664,0.032019985,0.017930475,0.024782489,0.021194329,0.028124521,0.005833106
MQTRRVVLKSAAAAGTLLGGLAGCASVAGSIGTGDRINTVRGPITISEAGFTLTHEHICGSSAGFLRAWPEFFGSRKALAEKAVRGLRRARAAGVRTIVDVSTFDLGRDVSLLAEVSRAADVHIVAATGLWLDPPLSMRLRSVEELTQFFLREIQYGIEDTGIRAGIIKVATTGKVTPFQELVLRAAARASLATGVPVTTHTAASQRGGEQQAAIFESEGLSPSRVCIGHSDDTDDLSYLTALAARGYLIGLDRIPHSAIGLEDNASASALMGIRSWQTRALLIKALIDQGYMKQILVSNDWLFGISSYVTNFMDVMDSVNPDGMAFIPLRVIPFLREKGIPQETLAGITVTNPARFLSPTLRAS,10111,0.256715312,0.280262432,0.235638814,0.281682854,0.281730757,0.262279232,0.215800499,0.221413527,0.212991755,0.24983502,0.028906606
MQTRRVVLKSAAAAGTLLGGLAGCASVAGSIGTGDRINTVRGPITISEAGFTLTHEHICGSSAGFLRAWPEFFGSRKALAEKAVRGLRRARAAGVRTIVDVSTFDLGRDVSLLAEVSRAADVHIVAATGLWLDPPLSMRLRSVEELTQFFLREIQYGIEDTGIRAGIIKVATTGKVTPFQELVLRAAARASLATGVPVTTHTAASQRGGEQQAAIFESEGLSPSRVCIGHSDDTDDLSYLTALAARGYLIGLDRIPHSAIGLEDNASASAFMGIRSWQTRALLIKALIDQGYMKQILVSNDWLFGISSYVTNIMDVMDSVNPDGMAFIPLRVIPFLREKGIPQETLAGITVTNPARFLSPTLRAS,11110,0.606537685,0.531529934,0.539770612,0.546367181,0.523562109,0.560097525,0.467393587,0.444234479,0.438667376,0.517573387,0.056345102
MQTRRVVLKSAAAAGTLLGGLAGCASVAGSIGTGDRINTVRGPITISEAGFTLTHEHICGSSAGFLRAWPEFFGSRKALAEKAVRGLRRARAAGVRTIVDVSTFDLGRDVSLLAEVSRAADVHIVAATGLWLDPPLSMRLRSVEELTQFFLREIQYGIEDTGIRAGIIKVATTGKVTPFQELVLRAAARASLATGVPVTTHTAASQRGGEQQAAIFESEGLSPSRVCIGHSDDTDDLSYLTALAARGYLIGLDRIPHSAIGLEDNASASAFMGIRSWQTRALLIKALIDQGYMKQILVSNDWLFGFSSYVTNFMDVMDSVNPDGMAFIPLRVIPFLREKGIPQETLAGITVTNPARFLSPTLRAS,11101,0.030496844,0.025179289,0,0.025485474,0.025320659,0,0.015757528,0.016879257,0,0.015457672,0.012437099
MQTRRVVLKSAAAAGTLLGGLAGCASVAGSIGTGDRINTVRGPITISEAGFTLTHEHICGSSAGFLRAWPEFFGSRKALAEKAVRGLRRARAAGVRTIVDVSTFDLGRDVSLLAEVSRAADVHIVAATGLWLDPPLSMRLRSVEELTQFFLREIQYGIEDTGIRAGIIKVATTGKVTPFQELVLRAAARASLATGVPVTTHTAASQRGGEQQAAIFESEGLSPSRVCIGHSDDTDDLSYLTALAARGYLIGLDRIPHSAIGLEDNASASAFLGIRSWQTRALLIKALIDQGYMKQILVSNDWLFGISSYVTNFMDVMDSVNPDGMAFIPLRVIPFLREKGIPQETLAGITVTNPARFLSPTLRAS,11011,0.263877885,0.263738934,0.228381158,0.250635905,0.235651832,0.283946169,0.187893999,0.178295146,0.199893619,0.232479405,0.037003369
MQTRRVVLKSAAAAGTLLGGLAGCASVAGSIGTGDRINTVRGPITISEAGFTLTHEHICGSSAGFLRAWPEFFGSRKALAEKAVRGLRRARAAGVRTIVDVSTFDLGRDVSLLAEVSRAADVHIVAATGLWLDPPLSMRLRSVEELTQFFLREIQYGIEDTGIRAGIIKVATTGKVTPFQELVLRAAARASLATGVPVTTHTAASQRGGEQQAAIFESEGLSPSRVCIGHSDDTDDLSYLTALAARGYLIGLDRIPHSAIGLEDNASASAFMGIRSWQTRALLIKALIDQGYMKQILVSNDWLFGISSYVTNFMDVMDSVNPDGMAFIPLRVIPFLREKGIPQETLAGITVTNPARFLSPTLRAS,11111,0.689319396,0.81235716,0.723415554,0.658150979,0.679974667,0.695353739,0.60260949,0.637947325,0.634101185,0.681469944,0.061286489
MQTRRVVLKSAAAAGTLLGGLAGCASVAGSIGTGDRINTVRGPITISEAGFTLTHEHICGSSAGFLRAWPEFFGSRKALAEKAVRGLRRARAAGVRTIVDVSTFDLGRDVSLLAEVSRAADVHIVAATGLWLDPPLSMRLRSVEELTQFFLREIQYGIEDTGIRAGIIKVATTGKVTPFQELVLRAAARASLATGVPVTTHTAASQRGGEQQAAIFESEGLSPSRVCIGHSDETDDLSYLTALAARGYLIGLDHIPHSAIGLEDNASASAFMGIRSWQTRALLIKALIDQGYMKQILVSNDWLFGISSYVTNFMDVMDSVNPDGMAFIPLRVIPFLREKGIPQETLAGITVTNPARFLSPTLRAS,101111,0.073191147,0.055908004,0.070708735,0.073069035,0.055480404,0.075257775,0.04863495,0.035146254,0.05714388,0.060504465,0.013611549
MQTRRVVLKSAAAAGTLLGGLAGCASVAGSIGTGDRINTVRGPITISEAGFTLTHEHICGSSAGFLRAWPEFFGSRKALAEKAVRGLRRARAAGVRTIVDVSTFDLGRDVSLLAEVSRAADVHIVAATGLWLDPPLSMRLRSVEELTQFFLREIQYGIEDTGIRAGIIKVATTGKVTPFQELVLRAAARASLATGVPVTTHTAASQRGGEQQAAIFESEGLSPSRVCIGHSDETDDLSYLTALAARGYLIGLDRIPHSAIGLEDNASASALMGIRSWQTRALLIKALIDQGYMKQILVSNDWLFGISSYVTNFMDVMDSVNPDGMAFIPLRVIPFLREKGIPQETLAGITVTNPARFLSPTLRAS,110111,0.563945613,0.654917645,0.534185452,0.558272309,0.570538756,0.661291969,0.588297337,0.536027125,0.538864794,0.578482333,0.04849381
MQTRRVVLKSAAAAGTLLGGLAGCASVAGSIGTGDRINTVRGPITISEAGFTLTHEHICGSSAGFLRAWPEFFGSRKALAEKAVRGLRRARAAGVRTIVDVSTFDLGRDVSLLAEVSRAADVHIVAATGLWLDPPLSMRLRSVEELTQFFLREIQYGIEDTGIRAGIIKVATTGKVTPFQELVLRAAARASLATGVPVTTHTAASQRGGEQQAAIFESEGLSPSRVCIGHSDETDDLSYLTALAARGYLIGLDRIPHSAIGLEDNASASAFLGIRSWQTRALLIKALIDQGYMKQILVSNDWLFGISSYVTNFMDVMDSVNPDGMAFIPLRVIPFLREKGIPQETLAGITVTNPARFLSPTLRAS,111011,0.759021903,0.803018362,0.736850458,0.659339644,0.716498395,0.680748975,0.774736194,0.653916184,0.741806632,0.725104083,0.051883842
MQTRRVVLKSAAAAGTLLGGLAGCASVAGSIGTGDRINTVRGPITISEAGFTLTHEHICGSSAGFLRAWPEFFGSRKALAEKAVRGLRRARAAGVRTIVDVSTFDLGRDVSLLAEVSRAADVHIVAATGLWLDPPLSMRLRSVEELTQFFLREIQYGIEDTGIRAGIIKVATTGKVTPFQELVLRAAARASLATGVPVTTHTAASQRGGEQQAAIFESEGLSPSRVCIGHSDETDDLSYLTALAARGYLIGLDRIPHSAIGLEDNASASAFMGIRSWQTRALLIKALIDQGYMKQILVSNDWLFGFSSYVTNFMDVMDSVNPDGMAFIPLRVIPFLREKGIPQETLAGITVTNPARFLSPTLRAS,111101,0.795422598,0.991344209,0.853888553,0.677767034,0.787504458,0.846151536,0.604342964,0.578899453,0.574619995,0.745548978,0.144932564
MQTRRVVLKSAAAAGTLLGGLAGCASVAGSIGTGDRINTVRGPITISEAGFTLTHEHICGSSAGFLRAWPEFFGSRKALAEKAVRGLRRARAAGVRTIVDVSTFDLGRDVSLLAEVSRAADVHIVAATGLWLDPPLSMRLRSVEELTQFFLREIQYGIEDTGIRAGIIKVATTGKVTPFQELVLRAAARASLATGVPVTTHTAASQRGGEQQAAIFESEGLSPSRVCIGHSDETDDLSYLTALAARGYLIGLDRIPHSAIGLEDNASASAFMGIRSWQTRALLIKALIDQGYMKQILVSNDWLFGISSYVTNIMDVMDSVNPDGMAFIPLRVIPFLREKGIPQETLAGITVTNPARFLSPTLRAS,111110,0.915045876,0.956451782,0.943281632,0.964709578,0.738092896,0.984422385,0.863939333,0.99251998,0.836030359,0.910499314,0.083497885
MQTRRVVLKSAAAAGTLLGGLAGCASVAGSIGTGDRINTVRGPITISEAGFTLTHEHICGSSAGFLRAWPEFFGSRKALAEKAVRGLRRARAAGVRTIVDVSTFDLGRDVSLLAEVSRAADVHIVAATGLWLDPPLSMRLRSVEELTQFFLREIQYGIEDTGIRAGIIKVATTGKVTPFQELVLRAAARASLATGVPVTTHTAASQRGGEQQAAIFESEGLSPSRVCIGHSDETDDLSYLTALAARGYLIGLDRIPHSAIGLEDNASASAFMGIRSWQTRALLIKALIDQGYMKQILVSNDWLFGISSYVTNFMDVMDSVNPDGMAFIPLRVIPFLREKGIPQETLAGITVTNPARFLSPTLRAS,111111,0.701401845,0.677430583,0.630427219,0.590594148,0.524213879,0.476834754,0.594142321,0.520112397,0.481910149,0.577451922,0.082151644